,Item_Outlet_Sales,Item_Identifier,Outlet_Identifier
0,1394.7849,,
1,1340.903,,
2,680.98315,,
3,2291.6462,,
4,5723.0596,,
5,1756.5161,,
6,371.14478,,
7,2068.837,,
8,1510.6023,,
9,2525.6584,,
10,1862.4916,,
11,1532.067,,
12,875.794,,
13,1673.4856,,
14,531.62524,,
15,2285.834,,
16,3786.864,,
17,2808.502,,
18,2955.1746,,
19,847.4192,,
20,3512.025,,
21,3506.257,,
22,875.76746,,
23,341.53763,,
24,3414.4727,,
25,373.15048,,
26,622.19336,,
27,2111.7485,,
28,3710.2202,,
29,2177.6667,,
30,99.102585,,
31,2264.0215,,
32,394.99042,,
33,5254.6304,,
34,1835.0411,,
35,4721.443,,
36,2477.667,,
37,444.00198,,
38,3406.4338,,
39,2296.2205,,
40,1043.6317,,
41,255.68256,,
42,2286.2776,,
43,2120.7166,,
44,262.9853,,
45,1749.9073,,
46,118.16554,,
47,3312.0781,,
48,3887.216,,
49,1902.5082,,
50,930.2216,,
51,2084.1038,,
52,3210.5208,,
53,2181.4917,,
54,4914.7964,,
55,2865.4695,,
56,4115.772,,
57,664.5524,,
58,-68.639084,,
59,1369.7493,,
60,2340.4507,,
61,3013.302,,
62,3401.0024,,
63,1066.2657,,
64,2297.242,,
65,2522.2585,,
66,2616.7922,,
67,5073.766,,
68,3801.1028,,
69,4540.424,,
70,2756.6821,,
71,2625.9185,,
72,1759.7639,,
73,4721.737,,
74,2425.7278,,
75,2903.3179,,
76,283.84274,,
77,2818.4292,,
78,409.27805,,
79,2571.0203,,
80,3032.248,,
81,1117.9696,,
82,1780.5303,,
83,3139.5674,,
84,2462.6062,,
85,1811.7878,,
86,3577.0503,,
87,2847.8213,,
88,872.3073,,
89,849.57837,,
90,3070.2507,,
91,5160.2197,,
92,2873.3604,,
93,1904.8784,,
94,1783.543,,
95,755.97766,,
96,2366.4922,,
97,2439.694,,
98,3688.6343,,
99,1084.9673,,
100,2025.196,,
101,1525.1028,,
102,3064.9692,,
103,2147.5093,,
104,268.40137,,
105,5410.766,,
106,43.081917,,
107,835.0054,,
108,1363.5028,,
109,4273.3877,,
110,730.85236,,
111,3221.4246,,
112,125.672775,,
113,5971.3228,,
114,1679.6841,,
115,2323.2646,,
116,837.67084,,
117,1244.0892,,
118,1432.8912,,
119,1487.9506,,
120,4803.654,,
121,422.29333,,
122,1728.0916,,
123,1836.5085,,
124,4987.122,,
125,5166.102,,
126,1904.5349,,
127,622.8634,,
128,1589.846,,
129,1837.2141,,
130,2635.396,,
131,2159.759,,
132,1800.4426,,
133,89.7271,,
134,1334.9635,,
135,233.57143,,
136,213.6572,,
137,1053.3046,,
138,282.84125,,
139,2425.8186,,
140,-123.73707,,
141,716.4644,,
142,1702.7886,,
143,2221.3428,,
144,1541.7224,,
145,1710.0781,,
146,2202.6165,,
147,4425.039,,
148,1573.5197,,
149,1557.6129,,
150,1996.68,,
151,4133.195,,
152,241.50822,,
153,5193.583,,
154,2365.3733,,
155,2234.977,,
156,656.5941,,
157,1174.3802,,
158,1203.2861,,
159,1089.6532,,
160,1999.8884,,
161,2716.696,,
162,3745.6814,,
163,3233.4287,,
164,1160.397,,
165,201.42995,,
166,2368.9407,,
167,2466.3264,,
168,2332.9087,,
169,979.0408,,
170,3306.38,,
171,2716.616,,
172,189.55615,,
173,86.71669,,
174,1873.9124,,
175,2930.5156,,
176,3889.8713,,
177,4493.154,,
178,1005.59576,,
179,5507.6455,,
180,1896.9961,,
181,3011.098,,
182,3383.2778,,
183,1093.3611,,
184,-254.62003,,
185,1611.7003,,
186,3676.4985,,
187,3794.3315,,
188,4240.7656,,
189,2982.376,,
190,1664.8806,,
191,2310.544,,
192,1983.0562,,
193,815.62115,,
194,851.9845,,
195,3653.4517,,
196,476.60596,,
197,2830.5908,,
198,3014.891,,
199,237.62941,,
200,3242.5498,,
201,2030.5416,,
202,3359.8135,,
203,2936.2085,,
204,2049.7295,,
205,1371.4856,,
206,5849.3096,,
207,2014.0869,,
208,3219.6936,,
209,1789.336,,
210,3259.3987,,
211,53.552917,,
212,3557.7654,,
213,1635.3821,,
214,4960.7383,,
215,2109.2175,,
216,417.1656,,
217,6647.93,,
218,2752.7217,,
219,3820.3467,,
220,608.4201,,
221,2527.2551,,
222,3809.0588,,
223,3226.521,,
224,1739.821,,
225,1265.6082,,
226,2580.8484,,
227,2082.0137,,
228,430.41434,,
229,1476.0054,,
230,4530.6157,,
231,462.32025,,
232,1611.3577,,
233,1774.3665,,
234,1156.1658,,
235,1854.024,,
236,2423.2454,,
237,1996.4937,,
238,-102.20155,,
239,3819.4954,,
240,162.00272,,
241,5032.35,,
242,-52.173214,,
243,1483.5251,,
244,145.70511,,
245,2404.626,,
246,535.42926,,
247,544.19495,,
248,181.19302,,
249,4186.4897,,
250,4335.713,,
251,134.68971,,
252,267.43118,,
253,1906.8488,,
254,6004.913,,
255,1569.4479,,
256,5516.5957,,
257,4365.1953,,
258,1174.2646,,
259,837.85956,,
260,3638.1418,,
261,2171.876,,
262,3186.1235,,
263,4065.9893,,
264,3421.943,,
265,3372.6904,,
266,2145.4333,,
267,3315.565,,
268,2139.2175,,
269,3491.9324,,
270,4323.6274,,
271,1432.665,,
272,4366.8604,,
273,1989.3746,,
274,644.8799,,
275,1245.9862,,
276,2239.2146,,
277,627.29846,,
278,1950.4122,,
279,1458.1656,,
280,2401.2073,,
281,1744.0156,,
282,2588.7556,,
283,2790.1848,,
284,6466.3857,,
285,4359.07,,
286,273.34964,,
287,1643.1992,,
288,702.579,,
289,1116.0087,,
290,669.94293,,
291,2162.7356,,
292,1584.4856,,
293,2105.0378,,
294,3849.9822,,
295,3173.1545,,
296,2154.4888,,
297,2391.5642,,
298,423.1759,,
299,538.7229,,
300,401.01913,,
301,3306.822,,
302,3329.745,,
303,1825.4872,,
304,1662.9774,,
305,2402.751,,
306,4853.5327,,
307,1605.6439,,
308,2746.4448,,
309,4550.5283,,
310,1336.3187,,
311,3670.354,,
312,2143.321,,
313,3329.9282,,
314,1585.97,,
315,981.952,,
316,3129.7112,,
317,3327.0513,,
318,3539.368,,
319,1780.6917,,
320,1528.1232,,
321,1487.4692,,
322,3116.8127,,
323,2404.8223,,
324,3449.0476,,
325,3320.7747,,
326,120.37992,,
327,2183.039,,
328,912.67145,,
329,369.4836,,
330,444.75742,,
331,2946.3694,,
332,3434.1934,,
333,130.39478,,
334,1753.7864,,
335,2111.5242,,
336,1031.5151,,
337,1314.3917,,
338,3358.8787,,
339,3908.993,,
340,2719.3745,,
341,525.28284,,
342,2440.9795,,
343,3987.5703,,
344,1737.1523,,
345,3146.8716,,
346,2808.846,,
347,5484.1846,,
348,2531.0989,,
349,1651.3064,,
350,3181.364,,
351,791.991,,
352,283.55927,,
353,631.05316,,
354,4730.5317,,
355,3733.708,,
356,2339.109,,
357,823.08716,,
358,2195.7004,,
359,2717.5735,,
360,719.9419,,
361,1935.7307,,
362,1539.2478,,
363,883.21185,,
364,387.10202,,
365,1838.7406,,
366,1587.4297,,
367,1774.4249,,
368,2126.0242,,
369,3238.6877,,
370,4506.169,,
371,117.564995,,
372,420.29724,,
373,4101.7754,,
374,6207.538,,
375,1408.009,,
376,3796.0435,,
377,663.9343,,
378,2890.608,,
379,4363.3154,,
380,1802.6536,,
381,4269.2207,,
382,1520.2334,,
383,71.23228,,
384,1646.2963,,
385,285.9055,,
386,773.2024,,
387,2958.5498,,
388,2154.0068,,
389,1612.5632,,
390,3242.733,,
391,4215.5996,,
392,2064.3801,,
393,227.93883,,
394,1660.6926,,
395,2544.0166,,
396,1308.939,,
397,2321.9302,,
398,2852.1836,,
399,1217.5592,,
400,2187.7083,,
401,827.3902,,
402,2966.789,,
403,282.8394,,
404,2376.3489,,
405,3402.5889,,
406,700.1526,,
407,3254.9817,,
408,1317.6704,,
409,365.69992,,
410,2979.1108,,
411,2550.4941,,
412,1066.1952,,
413,2281.9724,,
414,1697.1846,,
415,400.08484,,
416,3182.7866,,
417,748.55835,,
418,-315.73514,,
419,5719.4775,,
420,1625.4296,,
421,1110.6659,,
422,1151.2195,,
423,2093.7522,,
424,1984.1383,,
425,3332.8628,,
426,4412.3154,,
427,1441.6753,,
428,4085.8826,,
429,874.36017,,
430,1422.9808,,
431,3091.9927,,
432,685.15533,,
433,1698.6769,,
434,2439.3806,,
435,4861.0254,,
436,197.4045,,
437,1303.0098,,
438,3276.4263,,
439,1640.4996,,
440,1820.0681,,
441,2194.7278,,
442,740.7596,,
443,1593.843,,
444,2459.9583,,
445,2209.0479,,
446,2724.1821,,
447,3775.4673,,
448,4954.1377,,
449,2817.915,,
450,402.73898,,
451,393.46548,,
452,2938.202,,
453,1865.5336,,
454,2717.8706,,
455,1415.605,,
456,1774.6854,,
457,1618.8218,,
458,3101.8477,,
459,1780.7771,,
460,2036.8516,,
461,1572.7631,,
462,1091.6495,,
463,2422.8562,,
464,4205.441,,
465,429.08252,,
466,1345.261,,
467,640.4377,,
468,4638.3823,,
469,1574.8131,,
470,4796.172,,
471,1654.6512,,
472,2366.9302,,
473,80.47667,,
474,90.83414,,
475,860.5035,,
476,2907.1404,,
477,2982.2356,,
478,235.89029,,
479,507.86346,,
480,3467.2744,,
481,1127.994,,
482,2820.2527,,
483,4589.331,,
484,3164.898,,
485,2389.83,,
486,3872.0295,,
487,2416.6091,,
488,2877.9648,,
489,1655.4146,,
490,2648.2554,,
491,3513.8635,,
492,2204.7083,,
493,1305.1167,,
494,436.46158,,
495,3029.3677,,
496,1801.6255,,
497,4171.84,,
498,3832.1594,,
499,2976.8174,,
500,2252.9902,,
501,1207.2809,,
502,1332.116,,
503,4707.1885,,
504,816.1352,,
505,2685.3467,,
506,363.35803,,
507,1790.4048,,
508,3181.26,,
509,3859.5613,,
510,3601.0266,,
511,2810.0903,,
512,212.43524,,
513,1626.5558,,
514,2147.531,,
515,2212.713,,
516,279.45447,,
517,3162.925,,
518,2177.6255,,
519,688.05444,,
520,2068.7927,,
521,593.7791,,
522,559.5059,,
523,2081.5051,,
524,4410.775,,
525,5596.0684,,
526,2830.6213,,
527,1909.5005,,
528,545.65125,,
529,3351.4673,,
530,1392.1719,,
531,3560.9492,,
532,983.7332,,
533,1993.073,,
534,652.83124,,
535,3100.9058,,
536,2026.559,,
537,4736.7617,,
538,2063.1802,,
539,4624.846,,
540,2888.556,,
541,613.5412,,
542,1413.5914,,
543,238.95644,,
544,3829.3196,,
545,7790.0347,,
546,1864.2693,,
547,363.8782,,
548,4447.8564,,
549,5144.9614,,
550,1012.6803,,
551,1653.2855,,
552,524.5263,,
553,3377.4177,,
554,1671.3292,,
555,1173.2045,,
556,3332.7334,,
557,287.71902,,
558,3204.5227,,
559,3345.548,,
560,2590.623,,
561,895.2368,,
562,2626.0583,,
563,2759.2708,,
564,3471.2493,,
565,3441.5142,,
566,4617.593,,
567,2392.7163,,
568,1756.883,,
569,3569.4514,,
570,1257.129,,
571,2837.4893,,
572,1614.6715,,
573,1383.6614,,
574,2717.3037,,
575,161.29878,,
576,258.92365,,
577,934.57623,,
578,389.84393,,
579,1957.9049,,
580,3063.04,,
581,360.13202,,
582,3886.9158,,
583,2829.9492,,
584,1553.8046,,
585,3406.5725,,
586,3160.428,,
587,815.74664,,
588,3517.635,,
589,2458.7268,,
590,3929.1023,,
591,1135.6656,,
592,1930.2515,,
593,3560.378,,
594,3239.5532,,
595,725.149,,
596,2272.0269,,
597,1713.2982,,
598,2823.4326,,
599,2294.226,,
600,3178.3555,,
601,2726.1304,,
602,2584.3813,,
603,2026.6141,,
604,2280.73,,
605,5368.2095,,
606,2105.9048,,
607,1610.5466,,
608,806.2738,,
609,562.0234,,
610,399.67627,,
611,1764.4226,,
612,2480.8435,,
613,3848.4253,,
614,2175.9316,,
615,528.04364,,
616,1490.6832,,
617,888.9449,,
618,1011.07184,,
619,221.16415,,
620,157.00082,,
621,203.72525,,
622,1895.1741,,
623,2492.977,,
624,3005.7427,,
625,2779.1357,,
626,435.4908,,
627,2918.2263,,
628,1658.6226,,
629,1090.5739,,
630,1861.9017,,
631,1871.9486,,
632,1654.5907,,
633,1058.539,,
634,1604.2538,,
635,257.8684,,
636,2099.2966,,
637,468.21262,,
638,1182.7772,,
639,3837.2285,,
640,548.24927,,
641,1850.7845,,
642,5535.7163,,
643,2564.4407,,
644,2051.9482,,
645,2197.1504,,
646,2322.2546,,
647,2503.0393,,
648,1149.1777,,
649,583.1525,,
650,1855.6392,,
651,3869.3328,,
652,1647.8915,,
653,3154.5637,,
654,2603.9243,,
655,3710.0283,,
656,728.7579,,
657,293.83603,,
658,4559.0938,,
659,4519.9375,,
660,2874.9873,,
661,3599.026,,
662,2903.817,,
663,3720.9778,,
664,512.7676,,
665,1385.598,,
666,3074.4326,,
667,1233.3634,,
668,2094.7876,,
669,3171.0735,,
670,475.7368,,
671,3294.9287,,
672,4278.089,,
673,1417.002,,
674,97.77291,,
675,1512.1411,,
676,2011.0308,,
677,462.51898,,
678,1903.5042,,
679,3021.1404,,
680,1518.9701,,
681,7086.015,,
682,1756.1631,,
683,342.3108,,
684,2721.534,,
685,3244.704,,
686,1806.8335,,
687,3326.7078,,
688,3681.7336,,
689,-55.628716,,
690,6469.5312,,
691,1537.1759,,
692,1814.0989,,
693,2524.653,,
694,304.44998,,
695,1787.3668,,
696,5370.3936,,
697,590.9227,,
698,3046.8074,,
699,2750.6904,,
700,5552.3584,,
701,2091.1895,,
702,1573.8401,,
703,613.5543,,
704,1685.619,,
705,3355.7024,,
706,570.71967,,
707,4661.2197,,
708,3436.8022,,
709,3034.0251,,
710,2072.6123,,
711,2928.7976,,
712,3738.3535,,
713,718.2283,,
714,1729.6482,,
715,2660.1467,,
716,2219.2732,,
717,352.526,,
718,2825.9126,,
719,559.36444,,
720,1524.567,,
721,341.39606,,
722,330.26785,,
723,2697.5015,,
724,2913.5415,,
725,3060.236,,
726,974.06946,,
727,1441.6443,,
728,5519.284,,
729,2724.347,,
730,1649.402,,
731,2302.6929,,
732,3650.997,,
733,318.5622,,
734,2267.9863,,
735,2229.2512,,
736,3370.6536,,
737,861.82074,,
738,4285.5454,,
739,2025.1733,,
740,1646.2113,,
741,2353.0774,,
742,3999.6921,,
743,2123.8875,,
744,3797.0088,,
745,1885.2484,,
746,3551.4087,,
747,3381.6565,,
748,5749.5713,,
749,855.8537,,
750,5397.197,,
751,2852.601,,
752,2765.9966,,
753,872.68536,,
754,2023.6194,,
755,3018.118,,
756,2377.5952,,
757,1733.5834,,
758,1890.8624,,
759,1259.8032,,
760,4616.088,,
761,2031.5651,,
762,3029.595,,
763,1370.0714,,
764,3357.9426,,
765,2145.9565,,
766,4434.2754,,
767,2191.0881,,
768,1775.7659,,
769,2984.7642,,
770,1560.4534,,
771,3446.7559,,
772,2855.1226,,
773,2.3270237,,
774,816.47473,,
775,3632.93,,
776,2743.8604,,
777,2565.919,,
778,2333.663,,
779,3620.679,,
780,1297.9999,,
781,2117.7026,,
782,1197.2351,,
783,676.4079,,
784,2869.1338,,
785,40.67981,,
786,1469.2378,,
787,3424.2124,,
788,548.0774,,
789,1902.8567,,
790,2218.0757,,
791,2400.3013,,
792,534.0184,,
793,2984.423,,
794,1828.1299,,
795,932.40533,,
796,4053.6375,,
797,710.5071,,
798,2737.3057,,
799,536.33527,,
800,1379.2026,,
801,3762.4097,,
802,1967.7861,,
803,299.8652,,
804,1368.6229,,
805,3436.4668,,
806,3033.807,,
807,3483.082,,
808,3213.1458,,
809,2518.3943,,
810,2002.944,,
811,2450.4438,,
812,1150.3182,,
813,1440.5236,,
814,2030.6215,,
815,1861.2498,,
816,3008.628,,
817,3986.4685,,
818,2361.609,,
819,3446.268,,
820,13.116903,,
821,4577.891,,
822,570.822,,
823,1626.215,,
824,219.66985,,
825,1539.5765,,
826,1668.413,,
827,3271.3616,,
828,704.0452,,
829,698.8102,,
830,1077.4509,,
831,274.73248,,
832,3471.617,,
833,1510.1434,,
834,1942.2452,,
835,2624.306,,
836,2966.819,,
837,2774.9204,,
838,2361.8042,,
839,665.1576,,
840,4155.2896,,
841,519.9448,,
842,331.5042,,
843,613.6139,,
844,2569.5327,,
845,-67.739395,,
846,1480.4185,,
847,847.64325,,
848,1727.6879,,
849,2468.4944,,
850,3147.3525,,
851,3801.9575,,
852,5299.885,,
853,1877.4637,,
854,860.659,,
855,3312.5583,,
856,1550.2566,,
857,3651.739,,
858,460.0996,,
859,5201.913,,
860,2032.5354,,
861,5974.1807,,
862,2098.5757,,
863,1538.7294,,
864,1795.2267,,
865,179.88742,,
866,6660.4185,,
867,2623.8274,,
868,2342.7505,,
869,5062.783,,
870,2259.9233,,
871,272.8734,,
872,1020.64923,,
873,2908.8413,,
874,1823.3223,,
875,102.97259,,
876,1167.933,,
877,1326.0784,,
878,640.4111,,
879,650.604,,
880,1759.6477,,
881,4495.6694,,
882,3189.8457,,
883,1157.6836,,
884,4970.0366,,
885,3588.7644,,
886,3036.3464,,
887,336.67804,,
888,443.732,,
889,2584.962,,
890,996.96545,,
891,1755.288,,
892,1645.584,,
893,2815.6536,,
894,1579.8428,,
895,4160.674,,
896,3635.3083,,
897,1744.9673,,
898,1427.8684,,
899,1405.8958,,
900,457.25906,,
901,2074.3066,,
902,2156.1587,,
903,258.09518,,
904,2777.0188,,
905,2189.2822,,
906,2193.0432,,
907,1406.7625,,
908,2932.1448,,
909,697.68036,,
910,3060.546,,
911,42.901333,,
912,3516.9438,,
913,1886.6447,,
914,1846.3126,,
915,3510.589,,
916,1737.7302,,
917,2176.9124,,
918,7065.47,,
919,1423.7516,,
920,2620.485,,
921,1814.345,,
922,2427.2007,,
923,2328.7131,,
924,835.51776,,
925,1692.811,,
926,2239.4114,,
927,3349.0725,,
928,2072.0156,,
929,1624.511,,
930,117.16025,,
931,4734.9214,,
932,3631.0134,,
933,2479.272,,
934,4954.158,,
935,1743.724,,
936,254.90738,,
937,2166.372,,
938,388.49078,,
939,5750.301,,
940,5613.728,,
941,1930.8569,,
942,2372.5537,,
943,-153.7959,,
944,1298.2559,,
945,247.86537,,
946,530.5994,,
947,789.9654,,
948,2277.4895,,
949,994.5476,,
950,2872.668,,
951,3989.5024,,
952,1232.1807,,
953,2160.1973,,
954,923.1993,,
955,1384.7865,,
956,1338.7184,,
957,2795.2773,,
958,944.8933,,
959,2534.1213,,
960,1682.4994,,
961,4376.399,,
962,2638.7717,,
963,364.75668,,
964,1469.6094,,
965,1805.2579,,
966,2106.8235,,
967,4614.129,,
968,2731.3723,,
969,282.84125,,
970,5497.972,,
971,1868.688,,
972,5350.4487,,
973,2611.8008,,
974,433.0508,,
975,2884.5352,,
976,852.747,,
977,1943.18,,
978,2994.7776,,
979,1300.4934,,
980,1831.046,,
981,1216.1707,,
982,2866.548,,
983,4637.4707,,
984,3445.015,,
985,1820.598,,
986,3645.6284,,
987,848.5167,,
988,1101.0256,,
989,3537.236,,
990,1422.4581,,
991,1111.5325,,
992,3417.9177,,
993,4220.343,,
994,7633.2227,,
995,4349.623,,
996,1791.4066,,
997,1430.7192,,
998,2272.7837,,
999,1388.1919,,
1000,3062.7568,,
1001,2679.855,,
1002,3107.8237,,
1003,3981.2349,,
1004,1712.3805,,
1005,2384.5847,,
1006,3041.3936,,
1007,1944.7004,,
1008,2845.7776,,
1009,4568.8438,,
1010,1902.4381,,
1011,175.69542,,
1012,1614.1262,,
1013,1280.7145,,
1014,1077.2211,,
1015,1888.278,,
1016,1350.8524,,
1017,3432.64,,
1018,2396.6738,,
1019,3352.0876,,
1020,6009.8574,,
1021,2554.7998,,
1022,3544.602,,
1023,142.43982,,
1024,601.9702,,
1025,681.18005,,
1026,5720.6357,,
1027,2858.0845,,
1028,2773.2798,,
1029,3173.4797,,
1030,1144.872,,
1031,1914.1777,,
1032,4223.2163,,
1033,1219.034,,
1034,1777.2843,,
1035,4221.4272,,
1036,4777.155,,
1037,1603.5099,,
1038,4247.539,,
1039,1889.4421,,
1040,3145.7854,,
1041,2868.6218,,
1042,730.3132,,
1043,5406.955,,
1044,2391.4333,,
1045,2053.5696,,
1046,350.1453,,
1047,1021.3081,,
1048,2660.516,,
1049,2339.6548,,
1050,1126.2826,,
1051,2487.6611,,
1052,533.5698,,
1053,5140.967,,
1054,1297.4852,,
1055,2245.093,,
1056,2589.9595,,
1057,2334.716,,
1058,3333.367,,
1059,1886.21,,
1060,1646.2823,,
1061,2592.8135,,
1062,3274.6313,,
1063,565.6643,,
1064,107.115524,,
1065,7379.4106,,
1066,692.0719,,
1067,4243.7876,,
1068,5420.925,,
1069,212.31238,,
1070,215.98863,,
1071,1684.6881,,
1072,1270.2891,,
1073,1601.0293,,
1074,4664.718,,
1075,4339.2847,,
1076,775.88574,,
1077,1938.9149,,
1078,1472.9398,,
1079,1095.2421,,
1080,1720.9019,,
1081,1402.5688,,
1082,528.75476,,
1083,3800.338,,
1084,1083.5182,,
1085,1574.1874,,
1086,1782.1863,,
1087,1297.4999,,
1088,3043.942,,
1089,908.9531,,
1090,3805.6843,,
1091,1693.4874,,
1092,4202.603,,
1093,3694.667,,
1094,960.6119,,
1095,2617.2852,,
1096,742.48883,,
1097,848.1202,,
1098,4693.3633,,
1099,1257.1539,,
1100,2088.602,,
1101,1726.6962,,
1102,1672.3604,,
1103,582.1249,,
1104,705.60675,,
1105,2017.492,,
1106,1220.7533,,
1107,2762.032,,
1108,251.48984,,
1109,3055.834,,
1110,1814.5004,,
1111,3000.9888,,
1112,714.8494,,
1113,3477.9004,,
1114,1710.4329,,
1115,3034.1995,,
1116,2676.3137,,
1117,1766.6046,,
1118,2897.0664,,
1119,3912.582,,
1120,4435.63,,
1121,3746.5476,,
1122,3697.9343,,
1123,3694.5671,,
1124,3493.239,,
1125,2746.6917,,
1126,427.69955,,
1127,836.09045,,
1128,1598.1904,,
1129,1937.1945,,
1130,3680.1772,,
1131,1101.9474,,
1132,1314.014,,
1133,4443.787,,
1134,177.51405,,
1135,2113.8914,,
1136,2600.584,,
1137,5615.615,,
1138,1015.36163,,
1139,3542.4543,,
1140,1723.6031,,
1141,1821.2556,,
1142,676.23145,,
1143,2305.1445,,
1144,2159.3425,,
1145,104.76717,,
1146,2540.1902,,
1147,203.8905,,
1148,1473.4071,,
1149,656.9028,,
1150,3841.098,,
1151,627.83844,,
1152,4153.505,,
1153,560.612,,
1154,3240.157,,
1155,3141.9634,,
1156,4923.971,,
1157,3507.8586,,
1158,1376.8624,,
1159,2017.3177,,
1160,792.6194,,
1161,4247.1953,,
1162,4576.183,,
1163,1969.2292,,
1164,647.99976,,
1165,2398.5178,,
1166,3242.0447,,
1167,1676.5012,,
1168,1959.0281,,
1169,1966.7035,,
1170,2437.539,,
1171,3753.8232,,
1172,2816.4583,,
1173,2083.2192,,
1174,1274.9722,,
1175,2592.1208,,
1176,972.01685,,
1177,788.45557,,
1178,2794.6409,,
1179,3112.2676,,
1180,1875.6432,,
1181,2090.6387,,
1182,2293.7166,,
1183,2775.9348,,
1184,3011.3154,,
1185,562.3761,,
1186,2244.1929,,
1187,2347.4963,,
1188,3038.9275,,
1189,1131.6504,,
1190,1153.2428,,
1191,709.4661,,
1192,3409.8252,,
1193,3223.3252,,
1194,5405.4526,,
1195,202.17915,,
1196,235.86008,,
1197,892.4025,,
1198,958.80865,,
1199,1789.1635,,
1200,1073.9625,,
1201,2594.6477,,
1202,2735.7197,,
1203,2424.4001,,
1204,2392.2173,,
1205,1423.8252,,
1206,2243.191,,
1207,4977.641,,
1208,721.3189,,
1209,1472.7175,,
1210,4135.359,,
1211,3097.0144,,
1212,661.1665,,
1213,2691.9038,,
1214,2648.379,,
1215,1182.3036,,
1216,3467.6987,,
1217,1093.4087,,
1218,1878.5436,,
1219,1848.4707,,
1220,1145.9188,,
1221,5262.2075,,
1222,2564.3184,,
1223,1679.3127,,
1224,363.9443,,
1225,2663.3044,,
1226,1994.6156,,
1227,1251.529,,
1228,1538.8705,,
1229,960.227,,
1230,837.3269,,
1231,1584.454,,
1232,3457.89,,
1233,342.94058,,
1234,511.0027,,
1235,3171.6685,,
1236,3121.3413,,
1237,2234.9744,,
1238,245.48921,,
1239,3235.4766,,
1240,2303.8203,,
1241,3532.9268,,
1242,2824.7856,,
1243,3473.2368,,
1244,4159.3174,,
1245,2552.1865,,
1246,2247.8225,,
1247,847.13794,,
1248,4761.035,,
1249,2352.1843,,
1250,400.99902,,
1251,3568.246,,
1252,1682.3398,,
1253,1466.0317,,
1254,1760.4442,,
1255,3902.0073,,
1256,157.27701,,
1257,2110.9434,,
1258,5404.722,,
1259,326.01797,,
1260,2496.9146,,
1261,2927.4875,,
1262,2580.2415,,
1263,1402.475,,
1264,377.69336,,
1265,2089.2837,,
1266,4272.926,,
1267,1911.9585,,
1268,6132.0215,,
1269,484.0494,,
1270,314.04456,,
1271,1494.6056,,
1272,1237.662,,
1273,502.65094,,
1274,2841.5786,,
1275,5680.2974,,
1276,2895.4988,,
1277,3785.7634,,
1278,1850.3228,,
1279,882.47363,,
1280,2116.7866,,
1281,2995.9265,,
1282,3526.8047,,
1283,1415.5125,,
1284,5624.363,,
1285,882.75555,,
1286,2786.1675,,
1287,81.34458,,
1288,958.5545,,
1289,1690.3535,,
1290,3275.656,,
1291,1848.3352,,
1292,1592.6743,,
1293,2761.956,,
1294,118.43696,,
1295,1397.1763,,
1296,2188.9756,,
1297,1279.4583,,
1298,463.6872,,
1299,2716.1838,,
1300,975.2341,,
1301,529.4878,,
1302,4164.988,,
1303,1191.7428,,
1304,1475.8032,,
1305,800.5951,,
1306,813.589,,
1307,753.2829,,
1308,5829.257,,
1309,1717.5817,,
1310,740.4123,,
1311,3608.2534,,
1312,2674.7708,,
1313,301.3908,,
1314,3083.016,,
1315,3983.213,,
1316,1329.0543,,
1317,725.96045,,
1318,2812.5657,,
1319,2311.4834,,
1320,3205.6565,,
1321,1245.5483,,
1322,1446.0067,,
1323,6109.519,,
1324,3100.1274,,
1325,2453.3718,,
1326,673.46826,,
1327,3191.1938,,
1328,3199.381,,
1329,432.3812,,
1330,3800.7502,,
1331,2825.256,,
1332,299.06085,,
1333,3828.885,,
1334,1418.871,,
1335,695.2028,,
1336,1700.2231,,
1337,2790.0266,,
1338,3174.0413,,
1339,282.37802,,
1340,531.50494,,
1341,1418.8531,,
1342,355.54004,,
1343,2004.7031,,
1344,2536.5854,,
1345,122.06738,,
1346,1699.8795,,
1347,2246.535,,
1348,741.4852,,
1349,2699.198,,
1350,6230.0967,,
1351,2980.7537,,
1352,3331.6655,,
1353,1408.0404,,
1354,1273.0491,,
1355,3185.0068,,
1356,1174.0153,,
1357,2630.398,,
1358,3238.1794,,
1359,2781.7744,,
1360,5269.68,,
1361,791.3603,,
1362,1011.6856,,
1363,292.99228,,
1364,2486.6084,,
1365,2413.9968,,
1366,3827.8213,,
1367,4840.431,,
1368,476.32657,,
1369,738.9825,,
1370,2780.3977,,
1371,3199.3328,,
1372,2384.5107,,
1373,2647.7144,,
1374,3686.9368,,
1375,4766.683,,
1376,865.47797,,
1377,13.419356,,
1378,2228.0461,,
1379,1995.7942,,
1380,1107.6292,,
1381,2640.541,,
1382,1630.9476,,
1383,4534.3477,,
1384,3225.2134,,
1385,191.39249,,
1386,1406.3845,,
1387,2614.4666,,
1388,4470.8716,,
1389,2591.1907,,
1390,2639.9324,,
1391,701.09106,,
1392,3095.681,,
1393,2744.5842,,
1394,621.693,,
1395,2304.2559,,
1396,2601.6091,,
1397,2536.828,,
1398,1822.9341,,
1399,768.1493,,
1400,342.16208,,
1401,309.24045,,
1402,1682.6094,,
1403,2217.3584,,
1404,1802.5042,,
1405,1975.0131,,
1406,2032.3444,,
1407,2048.823,,
1408,985.26416,,
1409,1438.2208,,
1410,6183.777,,
1411,483.46786,,
1412,2224.5464,,
1413,3128.2207,,
1414,1864.7722,,
1415,3693.436,,
1416,3048.998,,
1417,1950.479,,
1418,691.4251,,
1419,4107.553,,
1420,2841.8438,,
1421,1165.7736,,
1422,3436.1094,,
1423,1552.6495,,
1424,2048.4404,,
1425,1251.7764,,
1426,3295.8027,,
1427,777.6853,,
1428,2602.4036,,
1429,789.6535,,
1430,1653.8229,,
1431,2360.4058,,
1432,921.97675,,
1433,1078.008,,
1434,3024.1858,,
1435,333.31927,,
1436,3678.6934,,
1437,4554.946,,
1438,1060.2118,,
1439,651.5057,,
1440,1561.9598,,
1441,2083.6785,,
1442,1536.2686,,
1443,2155.0515,,
1444,4657.522,,
1445,15.718983,,
1446,2289.1106,,
1447,5333.2485,,
1448,1770.9014,,
1449,3336.9539,,
1450,2395.3967,,
1451,4095.4033,,
1452,884.29114,,
1453,9780.995,,
1454,2415.702,,
1455,121.26434,,
1456,2322.5564,,
1457,3490.1565,,
1458,922.71155,,
1459,1543.327,,
1460,3842.3267,,
1461,2711.9885,,
1462,2902.9897,,
1463,2404.5007,,
1464,461.2626,,
1465,3722.0657,,
1466,4382.0625,,
1467,579.2282,,
1468,1791.0612,,
1469,938.4207,,
1470,2760.8608,,
1471,1597.5111,,
1472,4328.6895,,
1473,5306.9946,,
1474,6372.235,,
1475,2029.5983,,
1476,1927.8752,,
1477,2410.2952,,
1478,4379.279,,
1479,6889.5376,,
1480,3622.0632,,
1481,1520.6885,,
1482,2552.1743,,
1483,3919.0354,,
1484,1675.4742,,
1485,1114.927,,
1486,4783.728,,
1487,260.1436,,
1488,2634.646,,
1489,1954.9797,,
1490,3525.3547,,
1491,3670.9453,,
1492,609.8448,,
1493,345.99445,,
1494,240.51854,,
1495,3096.4905,,
1496,846.2654,,
1497,573.883,,
1498,2614.2168,,
1499,2365.7783,,
1500,423.40924,,
1501,1915.8943,,
1502,766.56616,,
1503,6151.493,,
1504,2012.3281,,
1505,199.55135,,
1506,2907.8433,,
1507,1290.9794,,
1508,2609.96,,
1509,3651.8408,,
1510,292.16364,,
1511,1857.288,,
1512,2398.4565,,
1513,837.15546,,
1514,2345.3833,,
1515,2578.3608,,
1516,180.50496,,
1517,279.47064,,
1518,-359.98175,,
1519,1738.6488,,
1520,1346.1926,,
1521,684.9425,,
1522,2833.197,,
1523,3166.92,,
1524,2681.8096,,
1525,216.5966,,
1526,899.51965,,
1527,1518.9386,,
1528,774.0156,,
1529,2037.8431,,
1530,84.84002,,
1531,750.54144,,
1532,3402.0103,,
1533,232.05908,,
1534,3129.2996,,
1535,1594.9072,,
1536,2542.4475,,
1537,1714.4227,,
1538,1617.9332,,
1539,1929.1187,,
1540,2627.1128,,
1541,1474.1915,,
1542,687.8653,,
1543,1656.3728,,
1544,501.9129,,
1545,624.67114,,
1546,3351.681,,
1547,231.30023,,
1548,5557.078,,
1549,2531.591,,
1550,3066.7847,,
1551,2126.8928,,
1552,374.26132,,
1553,2231.0825,,
1554,2093.8167,,
1555,2503.393,,
1556,2552.223,,
1557,1501.2112,,
1558,1024.6349,,
1559,4023.5366,,
1560,1934.99,,
1561,1108.0547,,
1562,-35.542072,,
1563,1926.2648,,
1564,283.93692,,
1565,1622.1812,,
1566,1858.0372,,
1567,3362.488,,
1568,1359.6118,,
1569,2489.248,,
1570,1319.5342,,
1571,4333.846,,
1572,1324.3649,,
1573,3510.4321,,
1574,431.45224,,
1575,5146.4526,,
1576,2204.8115,,
1577,524.2466,,
1578,2075.0256,,
1579,696.83417,,
1580,1726.6044,,
1581,3501.267,,
1582,2835.3586,,
1583,2093.6099,,
1584,2339.5256,,
1585,3510.4773,,
1586,3065.6094,,
1587,1803.5468,,
1588,1005.39307,,
1589,2369.815,,
1590,1672.3995,,
1591,68.96342,,
1592,3412.4539,,
1593,460.6731,,
1594,1763.8812,,
1595,996.63226,,
1596,4742.1235,,
1597,4162.099,,
1598,4515.3335,,
1599,2138.8582,,
1600,3139.4043,,
1601,1296.4926,,
1602,1365.8623,,
1603,2465.7444,,
1604,2858.983,,
1605,745.2525,,
1606,7341.948,,
1607,3312.8584,,
1608,2576.0918,,
1609,1419.1924,,
1610,3598.0237,,
1611,149.858,,
1612,2082.0813,,
1613,3547.524,,
1614,515.25745,,
1615,3731.3828,,
1616,165.66075,,
1617,1819.0714,,
1618,3206.4001,,
1619,1081.0034,,
1620,2270.7114,,
1621,2714.9631,,
1622,4718.009,,
1623,1903.301,,
1624,2351.795,,
1625,1422.9332,,
1626,3824.0537,,
1627,2397.2803,,
1628,2795.5427,,
1629,12.394867,,
1630,3199.2444,,
1631,2824.1565,,
1632,1283.8965,,
1633,602.20184,,
1634,3809.1929,,
1635,1768.023,,
1636,3700.9866,,
1637,997.50916,,
1638,4585.2524,,
1639,3382.368,,
1640,2776.2378,,
1641,3718.3276,,
1642,892.0712,,
1643,2679.507,,
1644,460.736,,
1645,3122.1426,,
1646,1576.9475,,
1647,3410.2793,,
1648,455.86398,,
1649,2371.8262,,
1650,1764.0695,,
1651,219.60048,,
1652,781.95325,,
1653,3733.0305,,
1654,3857.2117,,
1655,1305.6056,,
1656,2562.7766,,
1657,526.3773,,
1658,1782.4,,
1659,890.83685,,
1660,3250.5847,,
1661,1622.4177,,
1662,3750.0315,,
1663,1543.3815,,
1664,368.7458,,
1665,3203.3762,,
1666,5878.3086,,
1667,1342.8488,,
1668,4064.5862,,
1669,1023.5981,,
1670,3412.5957,,
1671,3474.5588,,
1672,1309.6749,,
1673,1796.2797,,
1674,941.89575,,
1675,4688.5967,,
1676,249.8499,,
1677,1846.9686,,
1678,1359.468,,
1679,4688.7715,,
1680,1867.1823,,
1681,2280.9497,,
1682,2529.2034,,
1683,1014.48956,,
1684,333.89987,,
1685,4401.532,,
1686,3330.51,,
1687,3291.6675,,
1688,1406.5972,,
1689,691.3225,,
1690,1648.9912,,
1691,693.39606,,
1692,1594.8727,,
1693,2820.4468,,
1694,1672.7118,,
1695,652.63226,,
1696,2669.6658,,
1697,2629.312,,
1698,1882.2755,,
1699,509.46844,,
1700,4887.95,,
1701,1177.0767,,
1702,1293.2499,,
1703,2003.9387,,
1704,1850.5878,,
1705,1712.2974,,
1706,5145.9224,,
1707,2632.176,,
1708,4624.9863,,
1709,2872.0588,,
1710,172.89198,,
1711,2684.662,,
1712,3080.4338,,
1713,2029.9545,,
1714,4783.484,,
1715,3303.1584,,
1716,3851.0432,,
1717,2098.8857,,
1718,544.7459,,
1719,1329.4863,,
1720,2837.9177,,
1721,2400.3723,,
1722,2576.674,,
1723,1768.5741,,
1724,2932.767,,
1725,756.1423,,
1726,5493.477,,
1727,3785.989,,
1728,2056.2666,,
1729,2121.4954,,
1730,3202.9148,,
1731,3489.9382,,
1732,2350.013,,
1733,426.32315,,
1734,1291.2852,,
1735,2148.823,,
1736,1940.7131,,
1737,1986.1204,,
1738,506.08066,,
1739,2605.792,,
1740,1073.5984,,
1741,446.81894,,
1742,2170.2493,,
1743,185.3338,,
1744,239.32812,,
1745,3449.0645,,
1746,599.8588,,
1747,2516.6238,,
1748,2916.5537,,
1749,2950.7705,,
1750,5294.5347,,
1751,1253.5109,,
1752,2789.902,,
1753,3480.194,,
1754,2166.5867,,
1755,371.53976,,
1756,3257.1538,,
1757,3322.2957,,
1758,560.48376,,
1759,2268.5981,,
1760,4637.3105,,
1761,4406.1636,,
1762,2566.0967,,
1763,2920.336,,
1764,1337.9928,,
1765,2386.2778,,
1766,3908.4092,,
1767,1612.033,,
1768,2823.3188,,
1769,4291.3315,,
1770,3995.342,,
1771,2763.595,,
1772,2793.8083,,
1773,3463.2395,,
1774,3116.6958,,
1775,3453.2979,,
1776,1798.839,,
1777,3035.2322,,
1778,731.0141,,
1779,5178.8667,,
1780,781.4982,,
1781,652.2665,,
1782,1476.6038,,
1783,99.785,,
1784,2463.9636,,
1785,360.0522,,
1786,2370.096,,
1787,1093.0867,,
1788,2245.2446,,
1789,2276.4456,,
1790,200.68112,,
1791,2548.4421,,
1792,4458.189,,
1793,2003.9186,,
1794,1265.5773,,
1795,2709.1853,,
1796,3507.0708,,
1797,1410.9667,,
1798,2131.4895,,
1799,967.25793,,
1800,1120.6841,,
1801,6542.3613,,
1802,1649.2155,,
1803,1135.0323,,
1804,2815.6238,,
1805,1007.3059,,
1806,1893.4402,,
1807,208.42673,,
1808,1143.1525,,
1809,3378.2507,,
1810,2744.4048,,
1811,3288.3972,,
1812,219.32147,,
1813,4517.184,,
1814,1308.231,,
1815,829.5465,,
1816,873.4604,,
1817,3132.176,,
1818,2832.0068,,
1819,318.82214,,
1820,2857.9976,,
1821,1944.9471,,
1822,3662.9565,,
1823,93.90457,,
1824,626.0575,,
1825,1812.7014,,
1826,1390.7628,,
1827,2548.2832,,
1828,3554.7615,,
1829,397.6321,,
1830,238.27103,,
1831,2187.2244,,
1832,847.5464,,
1833,613.2128,,
1834,2471.974,,
1835,1482.4624,,
1836,207.78058,,
1837,5744.3545,,
1838,1895.9736,,
1839,2648.8833,,
1840,4179.57,,
1841,2932.642,,
1842,2209.993,,
1843,2882.0598,,
1844,1085.3754,,
1845,1586.7391,,
1846,2459.3442,,
1847,1411.1223,,
1848,1659.8646,,
1849,2575.4177,,
1850,4071.708,,
1851,2562.1594,,
1852,617.4848,,
1853,4119.367,,
1854,2386.119,,
1855,1315.5863,,
1856,2935.053,,
1857,150.56924,,
1858,4217.8965,,
1859,2637.7686,,
1860,1275.6853,,
1861,4439.217,,
1862,3148.5266,,
1863,1761.5731,,
1864,3800.3025,,
1865,1972.8052,,
1866,1793.1008,,
1867,1606.9326,,
1868,895.8492,,
1869,605.04956,,
1870,1933.5603,,
1871,2486.0442,,
1872,187.1988,,
1873,656.45966,,
1874,2188.4802,,
1875,1212.4208,,
1876,5116.794,,
1877,3028.6497,,
1878,1866.5629,,
1879,1981.4454,,
1880,1027.1353,,
1881,2343.4243,,
1882,1534.3427,,
1883,4513.898,,
1884,1354.5864,,
1885,140.4681,,
1886,2641.6191,,
1887,503.37485,,
1888,4735.438,,
1889,617.6977,,
1890,1116.5316,,
1891,3037.993,,
1892,1631.6775,,
1893,1507.3606,,
1894,285.06027,,
1895,7212.512,,
1896,1420.2626,,
1897,3102.4255,,
1898,1981.3097,,
1899,4348.1685,,
1900,3247.0598,,
1901,581.1108,,
1902,252.20808,,
1903,3809.8835,,
1904,2528.4487,,
1905,2379.9082,,
1906,5305.9033,,
1907,4605.8125,,
1908,3606.8726,,
1909,1979.4396,,
1910,2917.8298,,
1911,288.32986,,
1912,2491.0134,,
1913,2142.526,,
1914,2819.0215,,
1915,397.8125,,
1916,975.81476,,
1917,3059.6882,,
1918,1865.2003,,
1919,186.26477,,
1920,1858.8896,,
1921,2075.8918,,
1922,2429.6177,,
1923,4104.9126,,
1924,3222.05,,
1925,1588.3737,,
1926,1740.2614,,
1927,3138.1855,,
1928,1121.5581,,
1929,2050.4126,,
1930,4891.0625,,
1931,175.90372,,
1932,4279.001,,
1933,1330.6902,,
1934,5301.9805,,
1935,2936.4675,,
1936,2510.1792,,
1937,3202.621,,
1938,1671.6346,,
1939,724.9952,,
1940,1654.5609,,
1941,1645.6735,,
1942,1302.2876,,
1943,1004.1671,,
1944,952.02344,,
1945,582.8929,,
1946,5463.493,,
1947,3822.1477,,
1948,553.87317,,
1949,456.34512,,
1950,1090.6478,,
1951,1543.5239,,
1952,4900.4385,,
1953,774.70844,,
1954,2234.0781,,
1955,175.17004,,
1956,2581.4558,,
1957,2644.707,,
1958,627.60925,,
1959,502.1842,,
1960,4216.453,,
1961,1943.8739,,
1962,2010.5381,,
1963,2437.2532,,
1964,3280.8953,,
1965,842.322,,
1966,483.6096,,
1967,2690.533,,
1968,2046.7765,,
1969,420.79138,,
1970,291.83383,,
1971,2253.207,,
1972,292.06262,,
1973,-292.84763,,
1974,370.16748,,
1975,784.2593,,
1976,1281.402,,
1977,3894.7566,,
1978,2269.5046,,
1979,2673.8237,,
1980,1419.9248,,
1981,4089.4507,,
1982,705.47845,,
1983,2216.8115,,
1984,914.11115,,
1985,1869.0146,,
1986,2837.9734,,
1987,627.77985,,
1988,4764.417,,
1989,494.3074,,
1990,2412.664,,
1991,1943.1129,,
1992,3440.6785,,
1993,1810.6736,,
1994,5147.394,,
1995,2614.4082,,
1996,3482.2397,,
1997,787.3927,,
1998,1864.8579,,
1999,1929.7806,,
2000,1459.8915,,
2001,807.49255,,
2002,833.4801,,
2003,3427.5615,,
2004,3342.7427,,
2005,3540.4326,,
2006,2038.4463,,
2007,3415.3606,,
2008,2983.8018,,
2009,3170.5188,,
2010,923.94214,,
2011,3616.8418,,
2012,175.18689,,
2013,932.2202,,
2014,2329.6575,,
2015,3658.4438,,
2016,771.33154,,
2017,1787.5768,,
2018,3942.5232,,
2019,158.65294,,
2020,2371.5598,,
2021,1579.7998,,
2022,3409.8506,,
2023,2290.7856,,
2024,689.3504,,
2025,2487.5767,,
2026,2745.05,,
2027,786.86035,,
2028,5851.674,,
2029,2906.5195,,
2030,1585.031,,
2031,1511.635,,
2032,4977.7,,
2033,1900.3724,,
2034,1863.7946,,
2035,1639.2145,,
2036,3170.1775,,
2037,1042.7762,,
2038,816.76337,,
2039,3330.8943,,
2040,2472.85,,
2041,3231.295,,
2042,1732.2017,,
2043,4158.5615,,
2044,1899.0756,,
2045,607.4566,,
2046,3172.3599,,
2047,3282.6682,,
2048,2517.3076,,
2049,2131.2354,,
2050,2165.0396,,
2051,1281.8434,,
2052,840.231,,
2053,2916.47,,
2054,2687.1377,,
2055,646.8348,,
2056,880.7506,,
2057,771.834,,
2058,3145.2368,,
2059,1158.9104,,
2060,2500.4473,,
2061,2915.6528,,
2062,6830.9146,,
2063,1048.798,,
2064,1324.9801,,
2065,842.5706,,
2066,894.1837,,
2067,1050.4647,,
2068,1553.9103,,
2069,3378.9722,,
2070,2208.7227,,
2071,4359.275,,
2072,657.8814,,
2073,2219.7542,,
2074,1640.4207,,
2075,350.03497,,
2076,797.33136,,
2077,4976.966,,
2078,2718.6309,,
2079,1581.4144,,
2080,1618.0361,,
2081,4273.675,,
2082,175.18161,,
2083,638.3171,,
2084,1440.0212,,
2085,1707.9747,,
2086,2391.2688,,
2087,622.0886,,
2088,2916.3328,,
2089,1245.4785,,
2090,3345.9863,,
2091,4904.163,,
2092,1943.1802,,
2093,3091.4631,,
2094,698.17126,,
2095,1412.191,,
2096,1894.2782,,
2097,2234.0715,,
2098,2538.3347,,
2099,2933.973,,
2100,1570.3768,,
2101,2321.8738,,
2102,1632.6736,,
2103,2894.3857,,
2104,4775.374,,
2105,2352.459,,
2106,372.03098,,
2107,3120.5342,,
2108,3159.2317,,
2109,3207.8625,,
2110,1169.1025,,
2111,2240.9001,,
2112,218.70491,,
2113,4162.534,,
2114,701.55975,,
2115,36.85495,,
2116,1809.0302,,
2117,883.35345,,
2118,667.06396,,
2119,3286.9512,,
2120,4143.439,,
2121,2571.426,,
2122,4328.55,,
2123,5826.0186,,
2124,2624.3286,,
2125,721.8555,,
2126,3662.743,,
2127,2341.6812,,
2128,5942.783,,
2129,2794.8574,,
2130,1391.377,,
2131,157.0637,,
2132,1708.5361,,
2133,2571.7903,,
2134,947.3238,,
2135,299.06085,,
2136,3072.5986,,
2137,6249.899,,
2138,1020.2556,,
2139,718.8695,,
2140,4252.06,,
2141,4219.158,,
2142,3181.26,,
2143,2715.9307,,
2144,2925.3884,,
2145,2383.2212,,
2146,574.7525,,
2147,3330.6653,,
2148,3567.7124,,
2149,2786.7795,,
2150,2288.1245,,
2151,1897.6694,,
2152,1524.2131,,
2153,3023.881,,
2154,3413.3745,,
2155,1049.02,,
2156,5518.9087,,
2157,3263.7983,,
2158,2300.6326,,
2159,797.94037,,
2160,2899.9812,,
2161,1025.7834,,
2162,295.98093,,
2163,343.1186,,
2164,1437.2323,,
2165,1628.7775,,
2166,1115.4799,,
2167,139.95541,,
2168,983.1176,,
2169,5991.3413,,
2170,2754.4026,,
2171,1862.7815,,
2172,2714.7944,,
2173,3065.4502,,
2174,1808.2609,,
2175,1238.8464,,
2176,2698.0833,,
2177,3425.01,,
2178,765.19086,,
2179,62.3189,,
2180,211.3595,,
2181,4358.5283,,
2182,4083.212,,
2183,5260.4375,,
2184,1899.6763,,
2185,8490.452,,
2186,343.83377,,
2187,6827.433,,
2188,2686.6802,,
2189,1601.1581,,
2190,945.9193,,
2191,3999.1777,,
2192,3924.052,,
2193,599.02924,,
2194,1113.3263,,
2195,2502.1704,,
2196,1207.0393,,
2197,3460.988,,
2198,2465.8552,,
2199,1948.3069,,
2200,4312.193,,
2201,4464.2314,,
2202,2151.0515,,
2203,387.4026,,
2204,4052.5369,,
2205,993.5815,,
2206,1407.2401,,
2207,2197.8848,,
2208,5934.6445,,
2209,2165.3196,,
2210,1650.9559,,
2211,544.4275,,
2212,133.44228,,
2213,755.0498,,
2214,3423.3455,,
2215,1970.5973,,
2216,1790.8004,,
2217,3754.5195,,
2218,2381.9624,,
2219,3402.5522,,
2220,594.07605,,
2221,5958.6323,,
2222,424.86456,,
2223,2952.6802,,
2224,1993.5328,,
2225,3092.6,,
2226,1785.4576,,
2227,1716.8591,,
2228,861.32404,,
2229,1619.1569,,
2230,235.8922,,
2231,6174.0166,,
2232,4290.1636,,
2233,936.3538,,
2234,4573.3584,,
2235,602.6666,,
2236,3379.7568,,
2237,648.0027,,
2238,5052.1934,,
2239,4760.216,,
2240,297.35687,,
2241,2943.081,,
2242,1073.6462,,
2243,888.00006,,
2244,2280.5923,,
2245,1070.9536,,
2246,3074.5645,,
2247,2794.1006,,
2248,4969.674,,
2249,2011.0872,,
2250,353.61432,,
2251,2322.202,,
2252,3217.4739,,
2253,2385.4045,,
2254,461.54724,,
2255,2574.884,,
2256,188.28593,,
2257,3218.5952,,
2258,1371.4532,,
2259,3779.739,,
2260,892.758,,
2261,707.6656,,
2262,3353.0151,,
2263,2897.6282,,
2264,2858.7954,,
2265,4642.24,,
2266,1590.8475,,
2267,5455.4297,,
2268,888.7507,,
2269,1364.4851,,
2270,1703.5712,,
2271,3151.7456,,
2272,5089.162,,
2273,5304.4795,,
2274,1179.4309,,
2275,1342.9625,,
2276,606.9282,,
2277,1164.4155,,
2278,3020.9038,,
2279,2520.8267,,
2280,4048.6108,,
2281,1471.498,,
2282,1604.4089,,
2283,1016.8581,,
2284,2153.8633,,
2285,1074.8157,,
2286,4826.3745,,
2287,2860.6216,,
2288,2478.0022,,
2289,2839.3179,,
2290,181.18987,,
2291,3124.45,,
2292,1895.928,,
2293,825.97766,,
2294,1039.8368,,
2295,335.53577,,
2296,2482.094,,
2297,3933.1924,,
2298,819.4162,,
2299,2759.2212,,
2300,3257.8762,,
2301,198.46825,,
2302,437.5084,,
2303,2218.3135,,
2304,2173.2273,,
2305,5844.1704,,
2306,732.23694,,
2307,2082.003,,
2308,1441.533,,
2309,669.83057,,
2310,882.8283,,
2311,1705.8319,,
2312,2584.5713,,
2313,5281.908,,
2314,2576.2422,,
2315,2000.152,,
2316,3091.8345,,
2317,3251.7458,,
2318,3384.439,,
2319,2931.972,,
2320,3433.5955,,
2321,999.9718,,
2322,2275.9424,,
2323,2986.631,,
2324,1801.6595,,
2325,6163.56,,
2326,2678.6128,,
2327,1916.4591,,
2328,1294.8737,,
2329,4172.936,,
2330,1593.74,,
2331,764.4929,,
2332,2132.6943,,
2333,2873.1396,,
2334,2371.3582,,
2335,2035.1418,,
2336,357.70776,,
2337,3031.3013,,
2338,4105.483,,
2339,842.33997,,
2340,541.3927,,
2341,1338.8566,,
2342,864.06006,,
2343,3819.0464,,
2344,2007.4072,,
2345,222.00137,,
2346,2863.0874,,
2347,3174.1433,,
2348,1317.4178,,
2349,919.96716,,
2350,2448.1401,,
2351,152.49901,,
2352,1166.3871,,
2353,3689.0608,,
2354,3011.5947,,
2355,3455.5422,,
2356,107.37255,,
2357,1151.0509,,
2358,2018.2213,,
2359,4003.4568,,
2360,4714.6846,,
2361,3787.5322,,
2362,390.86478,,
2363,2850.1853,,
2364,245.4107,,
2365,319.3485,,
2366,4665.0464,,
2367,4226.871,,
2368,1304.4662,,
2369,3154.7417,,
2370,2510.633,,
2371,805.6524,,
2372,2660.9841,,
2373,1643.2748,,
2374,2266.4336,,
2375,1381.5813,,
2376,1259.1924,,
2377,1200.3501,,
2378,1845.2502,,
2379,1718.9557,,
2380,262.21298,,
2381,990.3266,,
2382,1929.5472,,
2383,3934.5542,,
2384,2322.9236,,
2385,2877.7634,,
2386,342.16913,,
2387,2808.8972,,
2388,1225.165,,
2389,1155.0792,,
2390,749.90784,,
2391,387.20834,,
2392,3449.707,,
2393,313.92938,,
2394,753.35925,,
2395,858.3928,,
2396,825.94354,,
2397,1732.4615,,
2398,1509.0009,,
2399,3497.562,,
2400,4174.358,,
2401,2263.374,,
2402,1786.4314,,
2403,1418.0117,,
2404,483.9186,,
2405,3289.8313,,
2406,4213.995,,
2407,4565.1655,,
2408,246.71666,,
2409,421.4162,,
2410,1517.032,,
2411,519.65045,,
2412,628.3666,,
2413,2194.76,,
2414,2482.1257,,
2415,3963.3157,,
2416,2901.7925,,
2417,2964.2905,,
2418,1618.6312,,
2419,2239.481,,
2420,490.582,,
2421,1961.6578,,
2422,2748.6865,,
2423,5377.0537,,
2424,2751.8376,,
2425,2471.4888,,
2426,3551.3025,,
2427,3076.7146,,
2428,2243.1372,,
2429,2766.7295,,
2430,919.12427,,
2431,617.76373,,
2432,3408.004,,
2433,95.25727,,
2434,2483.973,,
2435,4071.6792,,
2436,2359.4617,,
2437,2604.0217,,
2438,2206.568,,
2439,3101.0952,,
2440,3501.2683,,
2441,744.42236,,
2442,4997.7603,,
2443,3106.7961,,
2444,2545.7065,,
2445,3234.4194,,
2446,2279.8245,,
2447,4094.9604,,
2448,2761.1172,,
2449,3121.6946,,
2450,4206.185,,
2451,2885.8398,,
2452,612.6209,,
2453,1711.7675,,
2454,1814.9778,,
2455,128.33984,,
2456,1710.3661,,
2457,4702.8936,,
2458,988.359,,
2459,4639.2393,,
2460,657.1959,,
2461,2012.7655,,
2462,2531.5325,,
2463,4327.1587,,
2464,3197.09,,
2465,1344.7172,,
2466,1147.0945,,
2467,2702.53,,
2468,1967.5645,,
2469,999.975,,
2470,954.47974,,
2471,2972.5117,,
2472,596.87396,,
2473,1581.2213,,
2474,2876.8499,,
2475,1038.8572,,
2476,478.24994,,
2477,1000.6904,,
2478,5823.986,,
2479,339.68823,,
2480,3178.6375,,
2481,1526.5798,,
2482,1997.9325,,
2483,2722.7478,,
2484,3074.6692,,
2485,647.34894,,
2486,2259.0337,,
2487,2789.0122,,
2488,151.45486,,
2489,2749.7317,,
2490,522.00525,,
2491,2534.8396,,
2492,1441.2977,,
2493,4661.436,,
2494,2635.3538,,
2495,2346.817,,
2496,1753.979,,
2497,2700.1262,,
2498,1401.0604,,
2499,434.12695,,
2500,883.75836,,
2501,1472.5161,,
2502,1480.8512,,
2503,815.228,,
2504,240.54759,,
2505,186.2667,,
2506,2985.5837,,
2507,1235.1624,,
2508,2006.4838,,
2509,1848.285,,
2510,2892.6611,,
2511,1313.4031,,
2512,2777.1135,,
2513,3058.6304,,
2514,2244.0603,,
2515,253.81998,,
2516,260.93048,,
2517,1488.2383,,
2518,2164.0212,,
2519,1533.9417,,
2520,5619.987,,
2521,2482.5476,,
2522,-58.81954,,
2523,1624.1796,,
2524,2606.9536,,
2525,2235.6785,,
2526,3452.1968,,
2527,1005.59576,,
2528,1805.0126,,
2529,3482.7158,,
2530,3202.8457,,
2531,2299.5427,,
2532,1372.923,,
2533,4137.58,,
2534,519.817,,
2535,2145.0925,,
2536,1387.4081,,
2537,1252.8346,,
2538,3426.135,,
2539,4802.994,,
2540,1460.3915,,
2541,917.0605,,
2542,3426.208,,
2543,3089.33,,
2544,2187.1865,,
2545,1457.2136,,
2546,2739.5168,,
2547,3898.1333,,
2548,2996.5408,,
2549,3408.1687,,
2550,3431.3538,,
2551,3367.2559,,
2552,2358.6118,,
2553,3758.7275,,
2554,711.86926,,
2555,4280.6543,,
2556,3191.5598,,
2557,1423.5331,,
2558,1430.2289,,
2559,3721.6055,,
2560,1943.6903,,
2561,188.74454,,
2562,2936.2441,,
2563,1436.952,,
2564,2905.392,,
2565,2034.4897,,
2566,520.2746,,
2567,5370.03,,
2568,392.90094,,
2569,1576.0829,,
2570,2852.919,,
2571,1987.6581,,
2572,1576.8755,,
2573,1783.2849,,
2574,2414.727,,
2575,744.31445,,
2576,3297.396,,
2577,3024.7373,,
2578,3995.8232,,
2579,2212.354,,
2580,1322.9811,,
2581,2310.8545,,
2582,781.38934,,
2583,1214.4984,,
2584,75.8091,,
2585,2187.7952,,
2586,5103.2983,,
2587,4132.5596,,
2588,5139.8013,,
2589,4200.472,,
2590,2273.8499,,
2591,1206.7399,,
2592,1248.7052,,
2593,1267.474,,
2594,3029.2822,,
2595,1282.5691,,
2596,2765.4592,,
2597,723.871,,
2598,1349.517,,
2599,2376.9192,,
2600,289.5432,,
2601,1530.8749,,
2602,1701.0902,,
2603,2186.577,,
2604,1759.1981,,
2605,295.16907,,
2606,1782.5787,,
2607,2813.278,,
2608,1952.1865,,
2609,90.83603,,
2610,809.91223,,
2611,1719.6696,,
2612,4073.2031,,
2613,1661.1338,,
2614,1659.7244,,
2615,2111.9333,,
2616,1367.5643,,
2617,4054.1907,,
2618,2724.1145,,
2619,1977.8568,,
2620,2980.2686,,
2621,436.67346,,
2622,439.58145,,
2623,3774.21,,
2624,4157.194,,
2625,238.95644,,
2626,368.97427,,
2627,2131.2834,,
2628,411.21933,,
2629,1235.8679,,
2630,2089.408,,
2631,4464.2314,,
2632,1436.9729,,
2633,2141.0823,,
2634,8693.138,,
2635,1598.1279,,
2636,3728.751,,
2637,1552.9767,,
2638,611.8043,,
2639,2340.4424,,
2640,2594.1797,,
2641,193.6064,,
2642,1634.5612,,
2643,3062.9055,,
2644,2693.9597,,
2645,1267.5533,,
2646,2566.1804,,
2647,1281.5322,,
2648,305.22406,,
2649,5072.83,,
2650,672.3797,,
2651,3351.6482,,
2652,528.71027,,
2653,3033.0635,,
2654,4617.1597,,
2655,2885.7847,,
2656,1262.4728,,
2657,3337.7466,,
2658,2536.637,,
2659,1743.5317,,
2660,1370.0638,,
2661,3309.4949,,
2662,1211.9349,,
2663,690.4422,,
2664,1025.951,,
2665,2019.7087,,
2666,4196.8906,,
2667,2003.746,,
2668,1782.8566,,
2669,3869.976,,
2670,2779.3462,,
2671,1855.9515,,
2672,1036.1838,,
2673,1703.8286,,
2674,1483.8716,,
2675,2272.9978,,
2676,1259.7042,,
2677,264.22217,,
2678,2168.8875,,
2679,2198.3694,,
2680,306.44226,,
2681,1061.1156,,
2682,2898.3743,,
2683,2030.0787,,
2684,3215.2527,,
2685,1830.9445,,
2686,1483.4352,,
2687,797.80707,,
2688,1716.5269,,
2689,1271.9962,,
2690,2937.796,,
2691,763.58105,,
2692,1026.6012,,
2693,4018.2595,,
2694,273.90826,,
2695,3138.3303,,
2696,2311.3389,,
2697,2027.6395,,
2698,5508.791,,
2699,2685.284,,
2700,1655.6549,,
2701,3045.3142,,
2702,3272.5012,,
2703,1901.9,,
2704,2512.7983,,
2705,1038.2756,,
2706,2860.269,,
2707,2771.2222,,
2708,1514.276,,
2709,2120.112,,
2710,3126.098,,
2711,4575.4985,,
2712,329.10468,,
2713,2973.4822,,
2714,3391.0457,,
2715,2510.259,,
2716,1866.3232,,
2717,601.3539,,
2718,1852.3351,,
2719,1660.641,,
2720,419.38702,,
2721,175.98979,,
2722,4912.3345,,
2723,2033.6543,,
2724,2251.4597,,
2725,2785.4148,,
2726,1363.3296,,
2727,186.2667,,
2728,2644.707,,
2729,532.83704,,
2730,3497.091,,
2731,2093.0842,,
2732,1875.9081,,
2733,2381.1377,,
2734,2899.7266,,
2735,1155.38,,
2736,3221.4526,,
2737,2696.057,,
2738,933.2016,,
2739,1630.5946,,
2740,657.8462,,
2741,4200.197,,
2742,2399.75,,
2743,2484.055,,
2744,2567.262,,
2745,1689.7368,,
2746,3486.1008,,
2747,2971.3074,,
2748,747.8413,,
2749,1995.895,,
2750,2353.2327,,
2751,69.01332,,
2752,2923.3994,,
2753,2989.4766,,
2754,859.81274,,
2755,2455.0754,,
2756,1430.6136,,
2757,2476.739,,
2758,2820.01,,
2759,3158.663,,
2760,293.29904,,
2761,3874.7654,,
2762,2976.6436,,
2763,4361.7505,,
2764,384.8326,,
2765,1225.4565,,
2766,2906.16,,
2767,2313.3027,,
2768,1539.9863,,
2769,1069.3359,,
2770,4078.2522,,
2771,-193.72285,,
2772,2360.9607,,
2773,1791.0331,,
2774,2976.1235,,
2775,2439.8281,,
2776,983.7541,,
2777,2538.5842,,
2778,666.6042,,
2779,389.6696,,
2780,3523.7744,,
2781,5262.103,,
2782,1556.8583,,
2783,3293.6528,,
2784,2635.675,,
2785,4124.4683,,
2786,2752.4534,,
2787,5034.015,,
2788,404.98163,,
2789,1489.4824,,
2790,1766.7455,,
2791,3503.2034,,
2792,791.3796,,
2793,4960.1577,,
2794,2658.74,,
2795,266.0869,,
2796,1139.028,,
2797,1250.3473,,
2798,35.4144,,
2799,184.93744,,
2800,1795.0071,,
2801,3994.5994,,
2802,3296.1155,,
2803,2443.9045,,
2804,3410.9116,,
2805,2732.7388,,
2806,2726.7527,,
2807,282.84125,,
2808,1184.7992,,
2809,4646.57,,
2810,2645.2607,,
2811,1475.6162,,
2812,3605.762,,
2813,493.78134,,
2814,3234.6033,,
2815,1358.3328,,
2816,2321.5662,,
2817,3372.7676,,
2818,743.2956,,
2819,437.29892,,
2820,1458.8676,,
2821,3359.794,,
2822,2706.531,,
2823,274.88742,,
2824,3119.0767,,
2825,4220.643,,
2826,4168.129,,
2827,325.1888,,
2828,2797.6162,,
2829,419.11383,,
2830,328.8082,,
2831,3000.8813,,
2832,2558.7695,,
2833,1620.5203,,
2834,2180.1008,,
2835,4786.545,,
2836,-20.122723,,
2837,547.7967,,
2838,5313.133,,
2839,1302.0686,,
2840,2736.4702,,
2841,727.2877,,
2842,3666.2207,,
2843,285.90363,,
2844,2711.9185,,
2845,1693.5862,,
2846,561.80536,,
2847,2231.5515,,
2848,-117.952415,,
2849,856.11487,,
2850,762.6576,,
2851,367.70987,,
2852,3323.7495,,
2853,4565.4683,,
2854,3226.7095,,
2855,750.4717,,
2856,1466.6211,,
2857,2660.5576,,
2858,522.29755,,
2859,2751.8032,,
2860,2244.313,,
2861,3108.849,,
2862,71.73964,,
2863,1570.5757,,
2864,2005.4048,,
2865,248.30876,,
2866,899.4223,,
2867,1807.7173,,
2868,4520.2524,,
2869,5359.098,,
2870,1084.5818,,
2871,244.21584,,
2872,829.173,,
2873,3185.8152,,
2874,653.8888,,
2875,3006.431,,
2876,3237.0059,,
2877,3123.876,,
2878,2315.3381,,
2879,1593.3298,,
2880,1012.59735,,
2881,1793.5782,,
2882,3889.6008,,
2883,4463.35,,
2884,2432.5203,,
2885,600.37714,,
2886,4204.77,,
2887,1744.2585,,
2888,2655.996,,
2889,2363.3743,,
2890,4131.7905,,
2891,919.1178,,
2892,3870.3977,,
2893,994.22626,,
2894,665.76105,,
2895,1367.8813,,
2896,721.7132,,
2897,292.37192,,
2898,515.32385,,
2899,1981.8607,,
2900,2662.7786,,
2901,767.55066,,
2902,3448.3335,,
2903,3521.872,,
2904,3643.0903,,
2905,221.45125,,
2906,1298.9414,,
2907,2845.7515,,
2908,2578.46,,
2909,1264.86,,
2910,341.8397,,
2911,3900.8838,,
2912,2868.3901,,
2913,900.6687,,
2914,5109.253,,
2915,2979.7407,,
2916,664.6811,,
2917,893.4857,,
2918,879.34357,,
2919,3447.0325,,
2920,2958.496,,
2921,549.9414,,
2922,2576.8035,,
2923,394.21988,,
2924,3668.687,,
2925,2861.9207,,
2926,586.9,,
2927,3896.3704,,
2928,-69.940384,,
2929,572.209,,
2930,6190.1533,,
2931,1825.4108,,
2932,756.5675,,
2933,1911.3057,,
2934,4524.4805,,
2935,1803.0641,,
2936,4157.672,,
2937,3425.5435,,
2938,1850.4203,,
2939,1238.3811,,
2940,1969.906,,
2941,1781.7617,,
2942,2545.477,,
2943,2178.7793,,
2944,4783.728,,
2945,1800.2711,,
2946,1339.794,,
2947,3153.3857,,
2948,1288.5282,,
2949,828.50476,,
2950,4558.627,,
2951,2933.529,,
2952,3845.3325,,
2953,1410.4843,,
2954,3196.0388,,
2955,3139.3115,,
2956,1132.8203,,
2957,555.1024,,
2958,2833.2043,,
2959,949.7791,,
2960,3424.7603,,
2961,1225.0504,,
2962,1597.2125,,
2963,1280.6248,,
2964,823.57935,,
2965,1816.4196,,
2966,3023.6326,,
2967,3522.8142,,
2968,599.94257,,
2969,1324.1056,,
2970,3088.3235,,
2971,5019.899,,
2972,4689.8164,,
2973,5166.772,,
2974,227.90454,,
2975,1631.5452,,
2976,915.5375,,
2977,5010.3804,,
2978,4451.3423,,
2979,114.75851,,
2980,2626.6436,,
2981,3156.4597,,
2982,110.09109,,
2983,45.123245,,
2984,726.1382,,
2985,2127.509,,
2986,3476.037,,
2987,2872.3923,,
2988,3327.2,,
2989,292.25842,,
2990,3467.8804,,
2991,377.3086,,
2992,508.79544,,
2993,2053.4229,,
2994,667.51434,,
2995,2597.5764,,
2996,2484.9094,,
2997,2923.4788,,
2998,2296.169,,
2999,3684.7349,,
3000,1273.5394,,
3001,3727.8638,,
3002,2299.1987,,
3003,3289.5034,,
3004,3527.8503,,
3005,2109.917,,
3006,2302.657,,
3007,2550.851,,
3008,3219.0002,,
3009,4440.496,,
3010,6334.9316,,
3011,1694.1777,,
3012,2069.3696,,
3013,5549.1987,,
3014,3381.9365,,
3015,621.83295,,
3016,4436.583,,
3017,398.8173,,
3018,3252.7275,,
3019,2801.3967,,
3020,4786.3867,,
3021,2612.3604,,
3022,1974.4502,,
3023,539.72675,,
3024,3002.2524,,
3025,2836.894,,
3026,4978.221,,
3027,183.46912,,
3028,469.70938,,
3029,1542.3164,,
3030,1527.4941,,
3031,298.38406,,
3032,1811.6965,,
3033,2311.744,,
3034,681.3364,,
3035,1621.162,,
3036,1484.0443,,
3037,2853.7788,,
3038,1149.4244,,
3039,1678.3856,,
3040,1975.6416,,
3041,872.45917,,
3042,1860.9347,,
3043,2743.7195,,
3044,3766.7883,,
3045,2862.7048,,
3046,4082.1384,,
3047,242.46667,,
3048,3020.5278,,
3049,1190.8408,,
3050,2006.9592,,
3051,844.01825,,
3052,2609.0632,,
3053,1471.1064,,
3054,1782.9089,,
3055,1215.469,,
3056,3753.1323,,
3057,9562.459,,
3058,1146.5358,,
3059,1987.1676,,
3060,89.99074,,
3061,3525.5603,,
3062,787.56964,,
3063,1661.3463,,
3064,289.82828,,
3065,2855.0051,,
3066,434.0344,,
3067,326.83456,,
3068,1667.386,,
3069,635.484,,
3070,1278.228,,
3071,1101.7009,,
3072,391.3353,,
3073,492.44522,,
3074,799.5437,,
3075,3720.0984,,
3076,5606.1533,,
3077,4944.776,,
3078,990.854,,
3079,1499.2518,,
3080,3188.0837,,
3081,2104.3313,,
3082,5431.1084,,
3083,99.914955,,
3084,1774.8485,,
3085,95.75914,,
3086,1947.029,,
3087,434.2371,,
3088,5745.068,,
3089,1254.2639,,
3090,1998.3098,,
3091,902.8021,,
3092,2728.255,,
3093,2867.4597,,
3094,1894.4602,,
3095,2133.1401,,
3096,266.47083,,
3097,3012.5718,,
3098,3426.208,,
3099,2847.7139,,
3100,2633.6157,,
3101,1918.8103,,
3102,2303.7908,,
3103,3290.8252,,
3104,1868.7179,,
3105,2785.2354,,
3106,2113.561,,
3107,671.1897,,
3108,3738.7795,,
3109,396.6199,,
3110,671.95154,,
3111,231.7006,,
3112,1022.6315,,
3113,2127.6953,,
3114,4934.3438,,
3115,1291.6606,,
3116,3345.9968,,
3117,460.79926,,
3118,3591.4326,,
3119,735.9564,,
3120,4100.5054,,
3121,5467.588,,
3122,707.39044,,
3123,3528.9167,,
3124,1279.0044,,
3125,211.78157,,
3126,2226.2263,,
3127,4317.299,,
3128,3131.9783,,
3129,2176.448,,
3130,2230.6096,,
3131,4069.007,,
3132,4366.8604,,
3133,2079.475,,
3134,2493.1223,,
3135,3278.7769,,
3136,2709.2168,,
3137,1083.1339,,
3138,4424.128,,
3139,1238.3184,,
3140,2933.7935,,
3141,6255.202,,
3142,2759.474,,
3143,605.5025,,
3144,5098.9946,,
3145,1142.4579,,
3146,3310.1257,,
3147,1288.252,,
3148,4155.3374,,
3149,-511.891,,
3150,3102.1118,,
3151,767.4621,,
3152,154.93694,,
3153,2773.0422,,
3154,1446.4454,,
3155,310.75095,,
3156,5055.3555,,
3157,2937.4111,,
3158,2071.0156,,
3159,206.20563,,
3160,6406.396,,
3161,2097.715,,
3162,4334.052,,
3163,235.8922,,
3164,3449.1135,,
3165,842.50464,,
3166,2938.4229,,
3167,565.84973,,
3168,5117.0293,,
3169,3610.2144,,
3170,4133.312,,
3171,1257.8464,,
3172,3849.0037,,
3173,1403.5225,,
3174,826.1513,,
3175,2417.0635,,
3176,2206.8726,,
3177,1759.1582,,
3178,4602.86,,
3179,4058.6853,,
3180,1904.7115,,
3181,1525.0225,,
3182,502.9005,,
3183,821.5287,,
3184,5819.9395,,
3185,3034.1821,,
3186,609.39233,,
3187,2789.414,,
3188,4174.917,,
3189,2019.7577,,
3190,2936.6267,,
3191,1496.518,,
3192,1613.0043,,
3193,2418.087,,
3194,2996.801,,
3195,873.26196,,
3196,1442.0326,,
3197,2356.3984,,
3198,1886.1246,,
3199,2456.2043,,
3200,1667.386,,
3201,2225.6453,,
3202,2842.86,,
3203,2706.9275,,
3204,1634.6683,,
3205,519.79486,,
3206,167.2062,,
3207,134.49863,,
3208,203.65266,,
3209,464.3291,,
3210,1650.8359,,
3211,4085.7468,,
3212,1198.7107,,
3213,984.0777,,
3214,1730.2654,,
3215,2564.4363,,
3216,2479.0696,,
3217,2307.7249,,
3218,1384.0479,,
3219,3502.371,,
3220,1578.2914,,
3221,661.68915,,
3222,387.75046,,
3223,502.70236,,
3224,4898.4736,,
3225,1275.2976,,
3226,1530.6255,,
3227,2287.868,,
3228,1910.0289,,
3229,2578.123,,
3230,1337.3083,,
3231,69.01143,,
3232,3146.1265,,
3233,5633.134,,
3234,2599.6252,,
3235,5428.3896,,
3236,628.6124,,
3237,2535.5637,,
3238,2289.6724,,
3239,276.79245,,
3240,2253.7312,,
3241,257.73135,,
3242,1193.2472,,
3243,5060.101,,
3244,3051.007,,
3245,1525.7815,,
3246,2426.8276,,
3247,4064.158,,
3248,1320.7433,,
3249,2220.776,,
3250,2148.3577,,
3251,2017.2323,,
3252,2275.5144,,
3253,676.79425,,
3254,2687.2356,,
3255,2127.6182,,
3256,1962.4397,,
3257,183.73149,,
3258,2888.545,,
3259,2586.285,,
3260,1720.1733,,
3261,2415.0894,,
3262,1014.6013,,
3263,1047.4677,,
3264,273.43814,,
3265,748.56647,,
3266,656.4652,,
3267,618.2954,,
3268,2227.8296,,
3269,689.2084,,
3270,2472.3386,,
3271,487.8751,,
3272,929.566,,
3273,3065.2878,,
3274,4818.1147,,
3275,2993.4277,,
3276,2357.144,,
3277,1984.4587,,
3278,3052.0156,,
3279,2508.5706,,
3280,226.15825,,
3281,712.28503,,
3282,213.135,,
3283,4529.7974,,
3284,3502.7727,,
3285,2297.8962,,
3286,1750.4191,,
3287,2491.215,,
3288,3932.5808,,
3289,2968.7424,,
3290,2551.4282,,
3291,3077.593,,
3292,165.37532,,
3293,3199.381,,
3294,322.56558,,
3295,2915.5435,,
3296,4956.3696,,
3297,2490.027,,
3298,1038.2528,,
3299,2027.8287,,
3300,912.8852,,
3301,1542.2539,,
3302,2933.7449,,
3303,2139.4714,,
3304,4071.8865,,
3305,3119.3374,,
3306,2694.1125,,
3307,3268.0237,,
3308,1628.0485,,
3309,3017.9014,,
3310,2219.307,,
3311,3389.7458,,
3312,5687.0967,,
3313,248.4958,,
3314,2681.838,,
3315,699.6459,,
3316,678.9686,,
3317,1575.2518,,
3318,1469.1152,,
3319,390.71704,,
3320,3794.1323,,
3321,3520.4912,,
3322,2216.4944,,
3323,5556.3735,,
3324,1940.1166,,
3325,573.76117,,
3326,3970.2847,,
3327,1957.6956,,
3328,4990.535,,
3329,4045.2732,,
3330,3396.0679,,
3331,2510.2246,,
3332,5899.8467,,
3333,4821.5776,,
3334,1700.2648,,
3335,2280.3865,,
3336,1060.3822,,
3337,597.3413,,
3338,1849.0951,,
3339,539.4768,,
3340,150.1,,
3341,3415.3474,,
3342,1469.9623,,
3343,2640.6123,,
3344,1717.3878,,
3345,4462.684,,
3346,266.01773,,
3347,4544.94,,
3348,4013.9185,,
3349,931.8833,,
3350,1261.5812,,
3351,567.6324,,
3352,4648.1963,,
3353,4293.062,,
3354,498.72937,,
3355,3126.0144,,
3356,1083.228,,
3357,2197.2683,,
3358,3495.225,,
3359,1127.6797,,
3360,728.52155,,
3361,2806.096,,
3362,1413.3342,,
3363,1421.8252,,
3364,226.15825,,
3365,-44.688244,,
3366,5283.3696,,
3367,3978.1772,,
3368,1801.5751,,
3369,1036.6368,,
3370,1593.6855,,
3371,891.54785,,
3372,717.7013,,
3373,1517.8224,,
3374,4467.4697,,
3375,2775.67,,
3376,1973.634,,
3377,2980.6116,,
3378,258.80875,,
3379,1738.7987,,
3380,5721.828,,
3381,2481.0718,,
3382,741.60345,,
3383,395.57965,,
3384,3152.114,,
3385,1736.6259,,
3386,2542.4465,,
3387,4029.9355,,
3388,3177.1096,,
3389,2146.8938,,
3390,534.8388,,
3391,1304.7406,,
3392,2954.6638,,
3393,1415.8342,,
3394,3343.1506,,
3395,1379.393,,
3396,1644.0197,,
3397,2697.548,,
3398,2940.4397,,
3399,4442.513,,
3400,237.89485,,
3401,795.42487,,
3402,1832.0834,,
3403,1335.524,,
3404,2239.5852,,
3405,4505.953,,
3406,1534.6058,,
3407,1922.882,,
3408,1883.4882,,
3409,3054.536,,
3410,1975.8057,,
3411,6050.39,,
3412,3627.917,,
3413,1441.9775,,
3414,3936.7524,,
3415,2560.3328,,
3416,1581.0103,,
3417,3099.457,,
3418,1275.5128,,
3419,963.3251,,
3420,2627.3538,,
3421,493.2294,,
3422,1232.9669,,
3423,1735.1123,,
3424,2805.1743,,
3425,4460.141,,
3426,3506.6501,,
3427,1263.3217,,
3428,2343.1038,,
3429,3020.3208,,
3430,1801.0828,,
3431,3153.4082,,
3432,1327.1357,,
3433,1140.4865,,
3434,291.92337,,
3435,1698.3328,,
3436,1747.3396,,
3437,5081.9946,,
3438,779.4739,,
3439,3280.794,,
3440,3638.4995,,
3441,1464.8899,,
3442,878.8438,,
3443,2176.0154,,
3444,2868.9973,,
3445,1794.4935,,
3446,1547.4031,,
3447,1614.9265,,
3448,843.3426,,
3449,2848.6765,,
3450,2382.9668,,
3451,1550.859,,
3452,4693.148,,
3453,2235.2979,,
3454,2976.7788,,
3455,2648.142,,
3456,2318.1758,,
3457,3643.8794,,
3458,1816.8265,,
3459,4061.2668,,
3460,633.2501,,
3461,2398.6074,,
3462,259.385,,
3463,4683.5015,,
3464,2377.145,,
3465,694.6754,,
3466,3147.3525,,
3467,1327.5599,,
3468,398.71738,,
3469,2377.0996,,
3470,1529.5812,,
3471,2533.723,,
3472,2834.7847,,
3473,172.88518,,
3474,1509.647,,
3475,3070.595,,
3476,1656.5684,,
3477,3144.1086,,
3478,1321.3729,,
3479,2247.541,,
3480,650.1869,,
3481,929.1426,,
3482,6876.8765,,
3483,1976.0479,,
3484,1341.0983,,
3485,2565.6077,,
3486,3482.356,,
3487,918.64923,,
3488,101.42986,,
3489,2492.5105,,
3490,343.79547,,
3491,4010.3748,,
3492,1870.5226,,
3493,1807.8572,,
3494,760.66284,,
3495,2799.156,,
3496,4243.9287,,
3497,861.49817,,
3498,3642.5613,,
3499,1722.0682,,
3500,4189.1704,,
3501,957.2301,,
3502,525.2515,,
3503,1897.2955,,
3504,998.17224,,
3505,2714.54,,
3506,2933.872,,
3507,3905.0735,,
3508,2296.9707,,
3509,2497.4941,,
3510,929.8559,,
3511,2990.4153,,
3512,1325.9777,,
3513,2978.4758,,
3514,512.51056,,
3515,67.14075,,
3516,1580.2026,,
3517,4918.0254,,
3518,2804.3308,,
3519,3916.564,,
3520,3590.0999,,
3521,2303.6267,,
3522,2876.2366,,
3523,3438.873,,
3524,3864.5564,,
3525,5025.4087,,
3526,4511.8887,,
3527,2234.7322,,
3528,2362.0676,,
3529,4181.636,,
3530,2175.5195,,
3531,3325.8474,,
3532,1278.26,,
3533,3919.6765,,
3534,4205.376,,
3535,3593.6667,,
3536,193.85313,,
3537,4555.0576,,
3538,912.32587,,
3539,3110.0833,,
3540,3048.0469,,
3541,739.11035,,
3542,1471.0155,,
3543,2287.444,,
3544,1085.4156,,
3545,2398.8257,,
3546,1868.2397,,
3547,2897.5896,,
3548,1738.0784,,
3549,1277.1847,,
3550,1723.5886,,
3551,3702.9983,,
3552,2477.282,,
3553,622.01953,,
3554,1223.5883,,
3555,636.65765,,
3556,2503.9104,,
3557,508.96048,,
3558,570.2966,,
3559,3681.6658,,
3560,4826.5,,
3561,1551.4385,,
3562,3736.3777,,
3563,1075.0806,,
3564,2762.2258,,
3565,1553.2241,,
3566,229.45229,,
3567,1903.022,,
3568,1425.3917,,
3569,3513.998,,
3570,451.45987,,
3571,2423.854,,
3572,3257.1206,,
3573,2724.9712,,
3574,1964.8824,,
3575,454.3821,,
3576,6210.3164,,
3577,3368.7705,,
3578,1773.2146,,
3579,1283.039,,
3580,1768.9956,,
3581,3413.4324,,
3582,4785.5376,,
3583,3765.521,,
3584,1682.4321,,
3585,2198.578,,
3586,881.11066,,
3587,2248.23,,
3588,2148.0962,,
3589,3505.601,,
3590,818.05457,,
3591,3104.2048,,
3592,807.3676,,
3593,1768.0914,,
3594,1304.9504,,
3595,1613.4824,,
3596,196.42078,,
3597,4132.736,,
3598,2773.6506,,
3599,1720.9524,,
3600,657.1931,,
3601,2006.837,,
3602,2045.3668,,
3603,1605.6365,,
3604,133.74306,,
3605,2676.5273,,
3606,1790.7538,,
3607,877.58075,,
3608,470.03195,,
3609,3270.5999,,
3610,2142.3965,,
3611,3847.2285,,
3612,2324.1318,,
3613,280.341,,
3614,1101.2291,,
3615,1672.3002,,
3616,3273.1084,,
3617,1717.6466,,
3618,1265.5773,,
3619,5747.1836,,
3620,6190.0044,,
3621,1580.859,,
3622,5421.799,,
3623,2603.3584,,
3624,2847.796,,
3625,1537.2719,,
3626,2807.9478,,
3627,2389.7139,,
3628,717.05035,,
3629,4829.4795,,
3630,2181.6865,,
3631,1843.1061,,
3632,400.8508,,
3633,4499.5566,,
3634,2592.6113,,
3635,293.88037,,
3636,4156.657,,
3637,3450.7622,,
3638,285.9055,,
3639,2530.9207,,
3640,4488.714,,
3641,771.7939,,
3642,868.58966,,
3643,1737.5236,,
3644,5436.5874,,
3645,1412.8428,,
3646,699.4549,,
3647,2292.9739,,
3648,1282.393,,
3649,2790.2585,,
3650,1302.4054,,
3651,3173.2578,,
3652,2880.6528,,
3653,3372.1638,,
3654,2321.4976,,
3655,2551.238,,
3656,2609.5632,,
3657,827.9443,,
3658,1882.5245,,
3659,1542.7008,,
3660,4058.9216,,
3661,6071.026,,
3662,2065.4595,,
3663,3015.0693,,
3664,278.77118,,
3665,3155.1765,,
3666,2978.5056,,
3667,266.5413,,
3668,436.06805,,
3669,1030.9976,,
3670,503.51114,,
3671,304.4171,,
3672,3024.0796,,
3673,2948.5745,,
3674,2633.442,,
3675,4133.382,,
3676,1103.0375,,
3677,1758.1362,,
3678,1737.3191,,
3679,73.55908,,
3680,2880.7576,,
3681,3143.6482,,
3682,1772.478,,
3683,264.98276,,
3684,1596.2863,,
3685,3824.4426,,
3686,1631.4318,,
3687,4152.879,,
3688,2231.0825,,
3689,2968.048,,
3690,2082.4805,,
3691,3354.787,,
3692,5538.9785,,
3693,1405.3296,,
3694,3142.943,,
3695,1265.4089,,
3696,719.4275,,
3697,3352.8928,,
3698,3911.0752,,
3699,1278.4966,,
3700,2189.1096,,
3701,1373.0195,,
3702,5469.548,,
3703,319.31293,,
3704,3418.8816,,
3705,743.5057,,
3706,2193.235,,
3707,1242.1206,,
3708,1303.8696,,
3709,1957.4221,,
3710,2171.5242,,
3711,2101.3188,,
3712,1601.251,,
3713,3453.8425,,
3714,3831.7314,,
3715,3134.5068,,
3716,1385.2902,,
3717,4547.3013,,
3718,3078.451,,
3719,5182.757,,
3720,1086.0168,,
3721,3208.5518,,
3722,2107.5005,,
3723,2059.383,,
3724,783.71014,,
3725,2178.686,,
3726,2326.7368,,
3727,3903.087,,
3728,650.11755,,
3729,1684.1749,,
3730,2625.6323,,
3731,1901.5352,,
3732,914.6531,,
3733,2695.4907,,
3734,367.26685,,
3735,728.3344,,
3736,3028.1096,,
3737,2741.104,,
3738,3042.5066,,
3739,3820.7976,,
3740,1154.3763,,
3741,441.7963,,
3742,908.0692,,
3743,4055.495,,
3744,3973.3596,,
3745,2154.3313,,
3746,232.18188,,
3747,2039.5442,,
3748,1593.0814,,
3749,2252.9404,,
3750,273.3952,,
3751,3227.049,,
3752,3311.5344,,
3753,2083.8953,,
3754,2301.0627,,
3755,2260.4482,,
3756,669.1289,,
3757,2277.176,,
3758,2778.6782,,
3759,1420.0193,,
3760,2694.0974,,
3761,3423.7766,,
3762,1612.2798,,
3763,2524.9937,,
3764,2912.6394,,
3765,509.26025,,
3766,1918.635,,
3767,4863.166,,
3768,1532.8369,,
3769,680.69617,,
3770,1863.1453,,
3771,2958.1228,,
3772,603.2621,,
3773,3657.6028,,
3774,2382.6719,,
3775,497.58527,,
3776,4035.4097,,
3777,875.2235,,
3778,2422.3088,,
3779,1008.8589,,
3780,943.57874,,
3781,1928.3563,,
3782,778.7895,,
3783,2415.649,,
3784,571.99176,,
3785,1714.5885,,
3786,1434.1768,,
3787,447.033,,
3788,3712.9883,,
3789,1380.5835,,
3790,1613.7942,,
3791,1301.7605,,
3792,820.6543,,
3793,717.33966,,
3794,4258.4263,,
3795,2956.4792,,
3796,5513.668,,
3797,5667.0933,,
3798,4563.903,,
3799,5335.324,,
3800,1987.849,,
3801,3024.7373,,
3802,1644.9138,,
3803,2475.6995,,
3804,-61.516006,,
3805,4435.5205,,
3806,811.0826,,
3807,2788.5925,,
3808,3746.5466,,
3809,2842.044,,
3810,355.6298,,
3811,1778.4806,,
3812,3011.124,,
3813,387.85767,,
3814,1335.9454,,
3815,1230.4318,,
3816,2561.0852,,
3817,3387.718,,
3818,2877.4487,,
3819,2745.457,,
3820,2111.4016,,
3821,3168.3794,,
3822,1534.405,,
3823,2926.8623,,
3824,3107.6167,,
3825,515.9239,,
3826,2171.635,,
3827,1001.7472,,
3828,2037.9407,,
3829,3303.2524,,
3830,5146.3345,,
3831,2171.186,,
3832,5784.5317,,
3833,2316.3184,,
3834,1162.9568,,
3835,4873.5337,,
3836,1971.9072,,
3837,864.41864,,
3838,1204.1511,,
3839,1932.249,,
3840,3306.2476,,
3841,2811.5576,,
3842,344.55997,,
3843,2255.6133,,
3844,4619.064,,
3845,500.04257,,
3846,3262.9834,,
3847,497.8522,,
3848,293.3514,,
3849,1296.6149,,
3850,4940.467,,
3851,2471.2375,,
3852,1355.259,,
3853,1197.7908,,
3854,3988.899,,
3855,540.5297,,
3856,1126.5681,,
3857,1999.9719,,
3858,3425.337,,
3859,2844.3257,,
3860,661.61,,
3861,2045.7695,,
3862,217.87521,,
3863,6702.838,,
3864,1346.883,,
3865,409.6578,,
3866,344.67853,,
3867,2346.8086,,
3868,1952.8878,,
3869,3634.8438,,
3870,582.8934,,
3871,3681.8162,,
3872,2000.5946,,
3873,2268.4077,,
3874,1904.2922,,
3875,309.01492,,
3876,2088.9639,,
3877,905.33203,,
3878,129.02374,,
3879,1990.6757,,
3880,2871.6917,,
3881,2185.3513,,
3882,695.3331,,
3883,3041.1682,,
3884,2672.2188,,
3885,3155.5908,,
3886,1080.4728,,
3887,501.9129,,
3888,5686.5947,,
3889,2680.7764,,
3890,2464.6174,,
3891,3724.0098,,
3892,1030.0114,,
3893,44.37035,,
3894,3114.165,,
3895,634.854,,
3896,1783.9937,,
3897,1850.6243,,
3898,720.3516,,
3899,2618.3306,,
3900,978.9642,,
3901,819.46655,,
3902,1224.242,,
3903,1530.8872,,
3904,766.7836,,
3905,7404.7783,,
3906,801.51904,,
3907,3916.0454,,
3908,59.289196,,
3909,1837.8606,,
3910,2140.5566,,
3911,1211.9669,,
3912,3608.5007,,
3913,1132.3909,,
3914,2069.261,,
3915,4812.7954,,
3916,1437.7235,,
3917,3701.9216,,
3918,3514.2678,,
3919,1920.8728,,
3920,1791.5785,,
3921,2775.6885,,
3922,5357.898,,
3923,2101.3093,,
3924,1751.8285,,
3925,2833.8374,,
3926,2089.1274,,
3927,1698.6997,,
3928,464.16806,,
3929,2381.4646,,
3930,2018.9664,,
3931,1023.9719,,
3932,2180.4224,,
3933,2749.5227,,
3934,1813.9918,,
3935,2127.867,,
3936,1896.0156,,
3937,799.49066,,
3938,1075.7184,,
3939,266.05798,,
3940,1004.21875,,
3941,2965.918,,
3942,1998.6545,,
3943,1081.8485,,
3944,709.40753,,
3945,1911.1771,,
3946,857.58185,,
3947,1119.06,,
3948,1282.3375,,
3949,3565.4744,,
3950,1909.9188,,
3951,1989.8823,,
3952,1070.3583,,
3953,1607.089,,
3954,2354.4358,,
3955,4709.9116,,
3956,1588.2845,,
3957,3691.906,,
3958,3216.9578,,
3959,485.80386,,
3960,969.9365,,
3961,2241.6748,,
3962,5387.0845,,
3963,3073.433,,
3964,2202.8218,,
3965,641.3382,,
3966,4104.0005,,
3967,5047.62,,
3968,3144.3582,,
3969,2820.7478,,
3970,276.11,,
3971,2316.468,,
3972,3949.8406,,
3973,2100.7505,,
3974,3809.0674,,
3975,3211.1077,,
3976,2664.5874,,
3977,719.95233,,
3978,2113.6902,,
3979,581.715,,
3980,1124.7174,,
3981,1390.2346,,
3982,2969.8157,,
3983,493.443,,
3984,2276.0,,
3985,2999.9785,,
3986,3979.2407,,
3987,1107.4075,,
3988,1063.2806,,
3989,1799.1555,,
3990,342.03287,,
3991,5605.998,,
3992,649.6047,,
3993,4393.42,,
3994,340.9555,,
3995,2589.951,,
3996,1932.4103,,
3997,2315.6536,,
3998,4541.111,,
3999,1418.3641,,
4000,594.94104,,
4001,1188.8418,,
4002,1723.7139,,
4003,709.086,,
4004,3418.5254,,
4005,1473.9165,,
4006,2134.691,,
4007,4821.017,,
4008,638.7217,,
4009,1368.52,,
4010,-52.075638,,
4011,2322.0215,,
4012,1170.8777,,
4013,1620.6334,,
4014,3524.237,,
4015,646.568,,
4016,2298.0454,,
4017,115.42517,,
4018,1210.8846,,
4019,5012.3384,,
4020,5609.1836,,
4021,3076.852,,
4022,4273.4253,,
4023,3070.349,,
4024,4133.3164,,
4025,859.81274,,
4026,212.69394,,
4027,2195.8357,,
4028,2207.5688,,
4029,2103.9573,,
4030,981.1103,,
4031,3038.245,,
4032,2312.5737,,
4033,3646.8213,,
4034,3189.8645,,
4035,2865.8408,,
4036,536.0994,,
4037,2874.845,,
4038,3824.0574,,
4039,3915.246,,
4040,3352.0564,,
4041,1366.8134,,
4042,304.77594,,
4043,2957.259,,
4044,4228.7363,,
4045,5248.015,,
4046,149.68237,,
4047,1924.2799,,
4048,260.7402,,
4049,2220.521,,
4050,2285.2856,,
4051,1341.9429,,
4052,172.79362,,
4053,1133.5724,,
4054,351.1469,,
4055,3887.5344,,
4056,5461.3677,,
4057,10274.092,,
4058,414.40958,,
4059,186.26477,,
4060,1337.5369,,
4061,2943.522,,
4062,2237.269,,
4063,2990.943,,
4064,1071.0741,,
4065,1642.2299,,
4066,3006.2917,,
4067,2149.0466,,
4068,6449.4365,,
4069,345.9318,,
4070,4759.2407,,
4071,2382.9187,,
4072,2668.3982,,
4073,5039.0737,,
4074,2395.1326,,
4075,3211.2092,,
4076,1656.4679,,
4077,177.2951,,
4078,2577.327,,
4079,3370.5828,,
4080,2131.5254,,
4081,1727.34,,
4082,2802.3787,,
4083,222.24283,,
4084,1000.91315,,
4085,916.8071,,
4086,6750.599,,
4087,3987.1116,,
4088,3166.4612,,
4089,2621.6724,,
4090,3390.3145,,
4091,2264.167,,
4092,2776.8447,,
4093,922.3749,,
4094,233.3413,,
4095,1724.0624,,
4096,1631.7924,,
4097,21.737482,,
4098,3754.463,,
4099,1715.2585,,
4100,3829.7825,,
4101,1637.3635,,
4102,1823.1124,,
4103,3025.85,,
4104,182.48547,,
4105,2961.9058,,
4106,3582.5588,,
4107,2622.967,,
4108,590.54425,,
4109,2674.1074,,
4110,1519.0917,,
4111,1092.7726,,
4112,2196.6052,,
4113,2035.4103,,
4114,2748.2808,,
4115,1827.1346,,
4116,610.54944,,
4117,1267.3702,,
4118,2294.2349,,
4119,1527.8064,,
4120,1416.2557,,
4121,3994.9702,,
4122,626.02576,,
4123,1617.9335,,
4124,4322.591,,
4125,3502.7117,,
4126,1282.393,,
4127,373.39417,,
4128,1581.037,,
4129,962.64795,,
4130,5066.578,,
4131,2834.3213,,
4132,962.9576,,
4133,2760.8193,,
4134,3682.072,,
4135,1445.6573,,
4136,491.27505,,
4137,2956.999,,
4138,797.07666,,
4139,1867.6198,,
4140,2875.9592,,
4141,2649.3618,,
4142,1103.8773,,
4143,2432.151,,
4144,4044.5623,,
4145,1641.6664,,
4146,5684.486,,
4147,442.98422,,
4148,1332.579,,
4149,2695.5588,,
4150,2930.3892,,
4151,823.179,,
4152,3793.1345,,
4153,224.08841,,
4154,2041.8175,,
4155,870.4286,,
4156,1741.1288,,
4157,2221.0273,,
4158,3524.9368,,
4159,307.733,,
4160,2059.962,,
4161,336.26978,,
4162,1323.6411,,
4163,4878.7656,,
4164,2564.3171,,
4165,2098.5674,,
4166,409.85056,,
4167,3278.9333,,
4168,2639.9773,,
4169,1452.733,,
4170,3134.656,,
4171,1865.2549,,
4172,1747.8652,,
4173,2573.176,,
4174,3560.792,,
4175,2427.3928,,
4176,1644.4159,,
4177,2552.6704,,
4178,2963.0115,,
4179,1368.6875,,
4180,3391.545,,
4181,805.8203,,
4182,3868.5073,,
4183,724.5255,,
4184,1872.8496,,
4185,7106.332,,
4186,810.6533,,
4187,215.98863,,
4188,953.08716,,
4189,1415.0205,,
4190,553.2476,,
4191,835.04626,,
4192,3161.022,,
4193,1366.9977,,
4194,2783.1343,,
4195,3494.8792,,
4196,2514.981,,
4197,2440.152,,
4198,1847.1956,,
4199,2569.9934,,
4200,2929.7205,,
4201,2922.6377,,
4202,2909.2341,,
4203,2913.1453,,
4204,2075.982,,
4205,4101.6113,,
4206,1854.7976,,
4207,1786.9355,,
4208,475.91156,,
4209,5929.0366,,
4210,232.75911,,
4211,2559.3298,,
4212,154.15504,,
4213,2135.7397,,
4214,2844.8992,,
4215,1077.6063,,
4216,2256.3782,,
4217,1987.9741,,
4218,2205.622,,
4219,5685.2065,,
4220,1243.3337,,
4221,1547.2054,,
4222,2808.253,,
4223,1038.6012,,
4224,422.5008,,
4225,1821.4799,,
4226,100.97726,,
4227,1974.5111,,
4228,2103.4717,,
4229,-375.6281,,
4230,2369.8384,,
4231,317.8467,,
4232,1235.0697,,
4233,1878.7374,,
4234,1492.682,,
4235,1092.0353,,
4236,2542.1162,,
4237,1565.3427,,
4238,1026.8977,,
4239,1423.4658,,
4240,646.6077,,
4241,3079.7087,,
4242,1317.1238,,
4243,1065.4745,,
4244,1586.3608,,
4245,278.49414,,
4246,2027.1478,,
4247,2200.1492,,
4248,593.05853,,
4249,4195.5957,,
4250,93.02657,,
4251,6435.9473,,
4252,1183.2125,,
4253,572.25104,,
4254,1733.4723,,
4255,189.33093,,
4256,1191.1332,,
4257,1209.8574,,
4258,1183.6995,,
4259,665.9365,,
4260,3129.4644,,
4261,3247.2087,,
4262,294.0207,,
4263,3325.0344,,
4264,722.0463,,
4265,4004.6577,,
4266,1140.0775,,
4267,1449.896,,
4268,2324.6465,,
4269,2310.8018,,
4270,6472.9316,,
4271,1981.2328,,
4272,1898.5208,,
4273,2993.3953,,
4274,3705.0947,,
4275,1437.0046,,
4276,-34.341293,,
4277,4987.615,,
4278,2883.3965,,
4279,4780.832,,
4280,3420.006,,
4281,1890.4865,,
4282,1601.2456,,
4283,1862.076,,
4284,3605.8179,,
4285,2231.0825,,
4286,2045.7933,,
4287,2135.2373,,
4288,267.38098,,
4289,2330.703,,
4290,3160.1309,,
4291,20.773397,,
4292,1165.0527,,
4293,354.46353,,
4294,2150.7534,,
4295,5376.5405,,
4296,1796.047,,
4297,2186.1582,,
4298,2329.5474,,
4299,613.88684,,
4300,1319.5342,,
4301,2490.9343,,
4302,627.1276,,
4303,1522.4325,,
4304,1436.859,,
4305,1343.8741,,
4306,923.7489,,
4307,3232.448,,
4308,897.34955,,
4309,1281.8567,,
4310,2624.3274,,
4311,2742.5242,,
4312,3120.2295,,
4313,2655.1934,,
4314,1046.77,,
4315,-627.3228,,
4316,1605.3297,,
4317,38.10852,,
4318,2781.5178,,
4319,4331.532,,
4320,1116.5381,,
4321,478.67776,,
4322,377.78613,,
4323,3030.3318,,
4324,2032.5315,,
4325,1742.4242,,
4326,3218.8425,,
4327,893.41016,,
4328,602.7696,,
4329,2777.007,,
4330,1290.8918,,
4331,4160.086,,
4332,3565.3538,,
4333,680.95844,,
4334,2742.031,,
4335,664.0512,,
4336,378.7725,,
4337,1641.4274,,
4338,1271.8108,,
4339,1451.1643,,
4340,241.8853,,
4341,2804.9766,,
4342,3050.276,,
4343,1085.8923,,
4344,1634.398,,
4345,1212.0546,,
4346,3398.0876,,
4347,1152.6012,,
4348,1446.2654,,
4349,758.29095,,
4350,411.58606,,
4351,3862.8489,,
4352,3320.3533,,
4353,2813.6245,,
4354,5113.8853,,
4355,1407.9285,,
4356,2491.0422,,
4357,1960.1787,,
4358,613.8329,,
4359,361.78842,,
4360,236.07324,,
4361,3561.5637,,
4362,4498.6963,,
4363,1528.0569,,
4364,4283.03,,
4365,255.93608,,
4366,5459.345,,
4367,2191.6338,,
4368,2938.5322,,
4369,794.9367,,
4370,1602.7642,,
4371,5422.033,,
4372,685.5954,,
4373,1781.8716,,
4374,3413.9766,,
4375,2866.8625,,
4376,1100.1278,,
4377,1086.2932,,
4378,4977.9077,,
4379,4367.755,,
4380,1869.8948,,
4381,7087.0063,,
4382,1726.9584,,
4383,3404.2827,,
4384,2902.2747,,
4385,3391.8804,,
4386,1559.6023,,
4387,856.4357,,
4388,2747.6099,,
4389,1087.309,,
4390,4677.8433,,
4391,832.86115,,
4392,2422.331,,
4393,1438.7504,,
4394,3509.6626,,
4395,3910.5342,,
4396,2568.3008,,
4397,1258.6195,,
4398,1086.1753,,
4399,1548.651,,
4400,969.5125,,
4401,620.2885,,
4402,1043.4614,,
4403,2375.7158,,
4404,2333.9639,,
4405,1815.3527,,
4406,5017.2427,,
4407,1599.823,,
4408,1736.9324,,
4409,161.04941,,
4410,1363.9229,,
4411,1664.2601,,
4412,2810.2168,,
4413,3021.0308,,
4414,4394.7676,,
4415,1493.1993,,
4416,2203.9585,,
4417,2607.674,,
4418,147.91888,,
4419,1478.1953,,
4420,848.0437,,
4421,133.46092,,
4422,1665.4512,,
4423,2187.5178,,
4424,402.62952,,
4425,1726.6278,,
4426,3574.7158,,
4427,5850.5474,,
4428,3935.58,,
4429,1541.6259,,
4430,684.7535,,
4431,290.20062,,
4432,5379.8506,,
4433,1165.704,,
4434,3334.6187,,
4435,245.64748,,
4436,1582.0881,,
4437,2708.4526,,
4438,396.98914,,
4439,1238.0844,,
4440,389.68765,,
4441,2292.7793,,
4442,995.768,,
4443,679.25073,,
4444,4208.0405,,
4445,1654.9949,,
4446,242.25092,,
4447,1313.7755,,
4448,1914.386,,
4449,1946.2732,,
4450,575.9542,,
4451,552.92206,,
4452,1299.1531,,
4453,879.66284,,
4454,2820.4053,,
4455,527.0114,,
4456,1198.8464,,
4457,990.5612,,
4458,1382.6459,,
4459,3002.3484,,
4460,1556.6185,,
4461,4367.9844,,
4462,5644.324,,
4463,451.49707,,
4464,3627.121,,
4465,2083.9429,,
4466,2206.0908,,
4467,1918.1085,,
4468,819.87964,,
4469,1306.9904,,
4470,2606.1626,,
4471,1280.9438,,
4472,1156.9731,,
4473,4858.8315,,
4474,1950.8314,,
4475,2607.3494,,
4476,3424.1611,,
4477,1187.4286,,
4478,1238.9028,,
4479,1469.3083,,
4480,735.63196,,
4481,1178.8088,,
4482,1757.8303,,
4483,4396.6665,,
4484,392.7191,,
4485,2794.1462,,
4486,2695.6255,,
4487,3338.365,,
4488,2725.2473,,
4489,1703.3723,,
4490,2862.8792,,
4491,3706.8062,,
4492,3802.447,,
4493,1394.6732,,
4494,1067.7603,,
4495,2189.96,,
4496,393.65048,,
4497,4426.2764,,
4498,3837.0017,,
4499,3462.0967,,
4500,2827.3816,,
4501,2376.209,,
4502,1458.8676,,
4503,4711.968,,
4504,4858.3594,,
4505,207.08432,,
4506,2104.5422,,
4507,3070.4255,,
4508,5918.6836,,
4509,1936.6067,,
4510,3507.5742,,
4511,281.75934,,
4512,4356.501,,
4513,4828.631,,
4514,2880.912,,
4515,733.14734,,
4516,1499.0656,,
4517,3538.3242,,
4518,2930.3813,,
4519,3977.2195,,
4520,2253.5715,,
4521,1554.971,,
4522,1328.195,,
4523,4406.439,,
4524,1845.1376,,
4525,1628.3887,,
4526,3370.221,,
4527,4125.7085,,
4528,4161.6104,,
4529,6432.314,,
4530,473.4706,,
4531,1300.7024,,
4532,722.5249,,
4533,3820.7258,,
4534,458.15866,,
4535,1286.0101,,
4536,2774.4001,,
4537,1050.7443,,
4538,1595.759,,
4539,3299.2932,,
4540,2773.9478,,
4541,1943.9146,,
4542,1175.2184,,
4543,370.39767,,
4544,2261.2207,,
4545,-31.91933,,
4546,4724.4307,,
4547,2123.3193,,
4548,1371.349,,
4549,231.82199,,
4550,3292.432,,
4551,470.94855,,
4552,2526.2878,,
4553,3212.922,,
4554,1961.491,,
4555,2392.734,,
4556,6037.543,,
4557,741.4787,,
4558,4274.237,,
4559,2237.049,,
4560,2531.756,,
4561,291.04172,,
4562,712.73267,,
4563,3912.0325,,
4564,2392.1343,,
4565,4151.8237,,
4566,4346.041,,
4567,2921.683,,
4568,3484.3635,,
4569,3915.3665,,
4570,5399.199,,
4571,-75.89393,,
4572,3687.0803,,
4573,2505.7441,,
4574,1409.2333,,
4575,235.8922,,
4576,5652.992,,
4577,773.5524,,
4578,2367.8186,,
4579,706.5408,,
4580,3752.0583,,
4581,3584.2463,,
4582,1530.3668,,
4583,3777.7424,,
4584,2103.7742,,
4585,2535.6296,,
4586,5377.0537,,
4587,4220.5264,,
4588,2370.5525,,
4589,2094.077,,
4590,724.7237,,
4591,152.08205,,
4592,5035.528,,
4593,5603.548,,
4594,1979.4937,,
4595,2927.9734,,
4596,3174.716,,
4597,2773.0505,,
4598,2037.0579,,
4599,1091.2992,,
4600,1629.2146,,
4601,3988.3213,,
4602,2841.1316,,
4603,1434.1462,,
4604,1240.0261,,
4605,2610.8142,,
4606,1917.9574,,
4607,1212.1115,,
4608,3141.7642,,
4609,2187.6194,,
4610,5527.875,,
4611,2009.2893,,
4612,2858.8315,,
4613,2271.048,,
4614,551.93744,,
4615,2766.219,,
4616,595.02576,,
4617,1830.4637,,
4618,3946.9993,,
4619,145.84639,,
4620,645.42633,,
4621,3930.1687,,
4622,5129.6343,,
4623,1890.587,,
4624,1224.2185,,
4625,4125.7686,,
4626,607.1971,,
4627,4709.715,,
4628,2441.1523,,
4629,2081.531,,
4630,3548.524,,
4631,474.0509,,
4632,108.38981,,
4633,1312.6024,,
4634,3149.1829,,
4635,2562.9612,,
4636,4177.6025,,
4637,616.7491,,
4638,2670.9065,,
4639,2913.9543,,
4640,36.776855,,
4641,3128.504,,
4642,1409.9841,,
4643,3101.2495,,
4644,3488.3577,,
4645,2704.8457,,
4646,2708.5552,,
4647,2714.371,,
4648,1679.0674,,
4649,1856.7661,,
4650,643.12665,,
4651,775.34985,,
4652,1407.2749,,
4653,1479.3093,,
4654,211.1808,,
4655,814.86804,,
4656,3653.932,,
4657,1186.4807,,
4658,1296.1509,,
4659,819.5797,,
4660,-32.970665,,
4661,4077.0088,,
4662,1198.6835,,
4663,2825.191,,
4664,2000.3468,,
4665,410.4809,,
4666,2975.622,,
4667,1501.0894,,
4668,3272.7195,,
4669,859.2342,,
4670,1606.2626,,
4671,49.75793,,
4672,1608.1093,,
4673,3932.1948,,
4674,391.23242,,
4675,2699.8716,,
4676,886.7252,,
4677,1872.5521,,
4678,913.66156,,
4679,3475.397,,
4680,3012.219,,
4681,1943.622,,
4682,750.68976,,
4683,190.0889,,
4684,2488.821,,
4685,206.07333,,
4686,1367.145,,
4687,635.6053,,
4688,3197.6782,,
4689,537.9493,,
4690,828.41406,,
4691,2791.7712,,
4692,1312.3671,,
4693,4346.618,,
4694,3678.3123,,
4695,1556.6047,,
4696,3793.6216,,
4697,1596.7501,,
4698,2791.6265,,
4699,2360.4058,,
4700,3319.9988,,
4701,807.76807,,
4702,2899.072,,
4703,999.4305,,
4704,3005.8977,,
4705,885.6282,,
4706,857.242,,
4707,4637.0835,,
4708,529.07495,,
4709,1912.8463,,
4710,2233.978,,
4711,3087.8403,,
4712,1063.8744,,
4713,100.99156,,
4714,2570.7146,,
4715,2823.8215,,
4716,2714.834,,
4717,2128.3552,,
4718,1520.955,,
4719,314.82336,,
4720,2648.1255,,
4721,3466.5928,,
4722,356.32553,,
4723,3943.6123,,
4724,2384.8792,,
4725,3595.9907,,
4726,418.7451,,
4727,273.58148,,
4728,2159.953,,
4729,3647.4866,,
4730,1927.2366,,
4731,1305.9167,,
4732,3059.9087,,
4733,347.78787,,
4734,1362.1031,,
4735,1338.8196,,
4736,736.02264,,
4737,2126.035,,
4738,1692.7479,,
4739,2458.466,,
4740,2740.5076,,
4741,23.256542,,
4742,1872.2806,,
4743,3530.402,,
4744,3360.592,,
4745,1076.0677,,
4746,3020.1196,,
4747,2976.3708,,
4748,2481.2773,,
4749,4149.028,,
4750,4291.144,,
4751,742.6455,,
4752,3391.0457,,
4753,2611.9556,,
4754,3849.2322,,
4755,50.29487,,
4756,1801.482,,
4757,1750.9265,,
4758,3169.4124,,
4759,1728.5892,,
4760,750.27563,,
4761,5475.8193,,
4762,917.13684,,
4763,648.3317,,
4764,1931.3955,,
4765,191.51292,,
4766,3263.7107,,
4767,3475.0356,,
4768,2325.1934,,
4769,649.0635,,
4770,136.88701,,
4771,2952.746,,
4772,-186.64809,,
4773,572.21045,,
4774,2749.8943,,
4775,225.87848,,
4776,2278.9678,,
4777,2014.3523,,
4778,1571.9889,,
4779,250.32896,,
4780,773.43994,,
4781,2575.2642,,
4782,1876.2389,,
4783,1816.8265,,
4784,794.1402,,
4785,3990.0083,,
4786,3241.732,,
4787,4012.0771,,
4788,2248.5974,,
4789,3160.112,,
4790,3102.4297,,
4791,601.3783,,
4792,1889.3762,,
4793,2624.066,,
4794,1301.8616,,
4795,3940.1333,,
4796,3862.2002,,
4797,1317.6454,,
4798,3136.6575,,
4799,667.33374,,
4800,8244.072,,
4801,674.4677,,
4802,3905.8328,,
4803,264.5346,,
4804,283.55927,,
4805,3220.566,,
4806,333.91644,,
4807,2272.0627,,
4808,1756.9413,,
4809,1898.1533,,
4810,4277.3037,,
4811,1480.7422,,
4812,229.97801,,
4813,3056.2163,,
4814,1914.641,,
4815,2854.108,,
4816,1071.4867,,
4817,987.01074,,
4818,2379.4255,,
4819,2079.4314,,
4820,262.9086,,
4821,2171.271,,
4822,1808.0292,,
4823,1197.2595,,
4824,383.9815,,
4825,4438.698,,
4826,1176.5194,,
4827,1831.9601,,
4828,1362.2917,,
4829,1661.4385,,
4830,273.10745,,
4831,3408.678,,
4832,1006.9663,,
4833,523.6444,,
4834,1930.7008,,
4835,2666.175,,
4836,4501.5957,,
4837,444.50583,,
4838,3175.166,,
4839,3630.8818,,
4840,3447.5085,,
4841,2165.099,,
4842,224.93994,,
4843,2645.9238,,
4844,1128.1886,,
4845,3373.058,,
4846,294.5972,,
4847,3591.9924,,
4848,3945.0273,,
4849,1678.7303,,
4850,2737.3806,,
4851,2758.9468,,
4852,2360.3442,,
4853,1802.4802,,
4854,475.9072,,
4855,2201.581,,
4856,2376.2043,,
4857,2807.134,,
4858,575.4033,,
4859,4103.124,,
4860,2711.987,,
4861,3424.6716,,
4862,1379.12,,
4863,3173.1367,,
4864,812.5969,,
4865,2326.093,,
4866,4776.5957,,
4867,5479.434,,
4868,2416.3896,,
4869,1742.9061,,
4870,1199.7081,,
4871,593.28705,,
4872,6427.8496,,
4873,2042.9056,,
4874,4174.6074,,
4875,2061.0486,,
4876,2126.379,,
4877,1310.5449,,
4878,515.45557,,
4879,1476.2626,,
4880,573.66486,,
4881,1156.403,,
4882,867.50287,,
4883,4818.7783,,
4884,1081.0065,,
4885,2112.9324,,
4886,4654.6255,,
4887,2726.2434,,
4888,72.876724,,
4889,4577.5566,,
4890,1421.6597,,
4891,1355.0017,,
4892,3184.7275,,
4893,3295.128,,
4894,1566.5626,,
4895,2602.1272,,
4896,1525.4779,,
4897,3087.5735,,
4898,4336.406,,
4899,1281.2009,,
4900,2317.453,,
4901,3165.804,,
4902,273.5693,,
4903,1582.9031,,
4904,4322.606,,
4905,3778.5352,,
4906,35.787357,,
4907,1535.3339,,
4908,864.2257,,
4909,2404.1694,,
4910,5191.2764,,
4911,3854.39,,
4912,2323.5813,,
4913,3356.0095,,
4914,782.2992,,
4915,1349.5587,,
4916,1734.1797,,
4917,223.02867,,
4918,2562.9543,,
4919,248.05434,,
4920,2354.1594,,
4921,7734.671,,
4922,1616.4908,,
4923,3582.2358,,
4924,3286.7314,,
4925,2877.4668,,
4926,1152.9062,,
4927,1759.2007,,
4928,290.20062,,
4929,5623.3384,,
4930,327.75073,,
4931,4326.682,,
4932,3827.3352,,
4933,2553.706,,
4934,2320.7607,,
4935,792.5092,,
4936,2370.2358,,
4937,1851.1968,,
4938,1894.2782,,
4939,4046.0022,,
4940,2750.737,,
4941,1388.4224,,
4942,2022.3079,,
4943,2084.362,,
4944,1875.6764,,
4945,1729.154,,
4946,1983.406,,
4947,2647.8413,,
4948,1232.4839,,
4949,618.7634,,
4950,2583.6555,,
4951,3103.1797,,
4952,2347.7927,,
4953,1681.6394,,
4954,3115.6826,,
4955,2668.9766,,
4956,2542.8523,,
4957,3422.5178,,
4958,304.3434,,
4959,235.10883,,
4960,1276.8624,,
4961,1781.058,,
4962,2112.864,,
4963,1593.4541,,
4964,519.5452,,
4965,1671.2008,,
4966,290.5599,,
4967,2077.5056,,
4968,5868.0127,,
4969,727.47614,,
4970,1707.4022,,
4971,218.83667,,
4972,1336.0493,,
4973,1878.4716,,
4974,2901.6045,,
4975,1164.0698,,
4976,134.28387,,
4977,869.14996,,
4978,1650.8562,,
4979,1606.5582,,
4980,3808.5977,,
4981,4225.3325,,
4982,1785.0963,,
4983,882.41675,,
4984,2341.575,,
4985,211.28792,,
4986,2779.2913,,
4987,2447.7615,,
4988,2364.1108,,
4989,559.51373,,
4990,1431.5177,,
4991,5013.156,,
4992,765.47577,,
4993,728.67096,,
4994,3354.9424,,
4995,269.9587,,
4996,1496.7578,,
4997,2492.829,,
4998,211.6217,,
4999,286.6235,,
5000,463.82535,,
5001,1192.9365,,
5002,1537.0077,,
5003,1312.439,,
5004,1534.3427,,
5005,1263.5343,,
5006,1130.9883,,
5007,816.48627,,
5008,862.0464,,
5009,2376.7825,,
5010,1790.0364,,
5011,1759.7188,,
5012,1103.9746,,
5013,3148.1157,,
5014,4281.1978,,
5015,1378.9323,,
5016,82.91206,,
5017,3768.5671,,
5018,873.04004,,
5019,1555.2526,,
5020,1114.6583,,
5021,1065.3691,,
5022,738.67395,,
5023,2438.7322,,
5024,1796.8544,,
5025,2147.0098,,
5026,369.48026,,
5027,377.54333,,
5028,1306.646,,
5029,1789.8578,,
5030,1995.2275,,
5031,150.56534,,
5032,2222.1729,,
5033,1473.5577,,
5034,1552.2065,,
5035,4597.4497,,
5036,4738.0845,,
5037,5428.3896,,
5038,1895.8375,,
5039,1101.3348,,
5040,3465.0488,,
5041,3690.9265,,
5042,4538.5,,
5043,535.19165,,
5044,3156.0283,,
5045,2834.5906,,
5046,483.83844,,
5047,644.37726,,
5048,1774.8363,,
5049,4059.114,,
5050,3818.119,,
5051,169.47844,,
5052,974.45874,,
5053,3999.6287,,
5054,575.21484,,
5055,3831.468,,
5056,4182.7617,,
5057,3299.4622,,
5058,1074.5223,,
5059,3166.093,,
5060,3581.5466,,
5061,146.15488,,
5062,2825.191,,
5063,2820.3435,,
5064,1895.3154,,
5065,2305.3865,,
5066,4623.8926,,
5067,2265.136,,
5068,1490.6392,,
5069,2074.146,,
5070,2369.47,,
5071,-3.5775976,,
5072,690.92004,,
5073,1444.1266,,
5074,2836.2417,,
5075,1709.794,,
5076,3259.6292,,
5077,2796.9917,,
5078,5639.5,,
5079,5729.4175,,
5080,1531.5988,,
5081,2274.5042,,
5082,856.8551,,
5083,3117.9976,,
5084,3569.2627,,
5085,1931.9592,,
5086,3825.882,,
5087,2803.8096,,
5088,332.1548,,
5089,2334.5815,,
5090,3255.0486,,
5091,2064.1443,,
5092,3776.3389,,
5093,1418.5162,,
5094,4138.566,,
5095,2611.8086,,
5096,2180.0396,,
5097,1436.5219,,
5098,363.17194,,
5099,1807.3124,,
5100,2305.7034,,
5101,973.43774,,
5102,270.9563,,
5103,3664.2844,,
5104,3175.2754,,
5105,534.1605,,
5106,514.9121,,
5107,2386.2058,,
5108,3402.314,,
5109,658.8725,,
5110,1201.1138,,
5111,1778.8099,,
5112,272.2089,,
5113,1457.5465,,
5114,366.1674,,
5115,839.0105,,
5116,305.7942,,
5117,2967.8813,,
5118,570.2284,,
5119,4272.9805,,
5120,495.17896,,
5121,297.62445,,
5122,664.57385,,
5123,1170.8588,,
5124,1659.7554,,
5125,1792.6193,,
5126,1816.8265,,
5127,1169.2987,,
5128,3290.9316,,
5129,2397.3772,,
5130,1898.3699,,
5131,2259.3196,,
5132,1930.5712,,
5133,853.25757,,
5134,4604.344,,
5135,3150.58,,
5136,5484.4766,,
5137,2748.6729,,
5138,1514.6674,,
5139,3786.885,,
5140,2869.574,,
5141,2694.8853,,
5142,2237.8254,,
5143,794.9715,,
5144,3478.948,,
5145,1622.6238,,
5146,2151.1897,,
5147,4359.549,,
5148,1413.1053,,
5149,3511.6094,,
5150,3010.9224,,
5151,4013.0247,,
5152,5895.51,,
5153,1950.2334,,
5154,2935.044,,
5155,800.92413,,
5156,2381.5266,,
5157,318.35208,,
5158,2239.4023,,
5159,1926.5684,,
5160,2195.916,,
5161,3355.2632,,
5162,2426.5955,,
5163,4615.6875,,
5164,3136.5232,,
5165,851.27686,,
5166,950.42456,,
5167,335.9703,,
5168,292.76285,,
5169,1777.4152,,
5170,1126.3,,
5171,1533.4565,,
5172,2900.002,,
5173,3936.4082,,
5174,1282.6149,,
5175,588.4943,,
5176,2895.7732,,
5177,1818.0803,,
5178,2577.0547,,
5179,1402.2465,,
5180,333.57047,,
5181,1228.8243,,
5182,670.2067,,
5183,2726.8218,,
5184,1404.7529,,
5185,1659.6384,,
5186,1893.0596,,
5187,2079.3843,,
5188,2570.6938,,
5189,4618.77,,
5190,277.55786,,
5191,1016.5589,,
5192,1820.3966,,
5193,2298.2373,,
5194,3778.8154,,
5195,1859.1001,,
5196,1443.5559,,
5197,318.01358,,
5198,602.45984,,
5199,4045.972,,
5200,2876.2388,,
5201,1912.7428,,
5202,1155.5228,,
5203,971.3934,,
5204,2988.569,,
5205,1818.1246,,
5206,3904.3062,,
5207,2684.4902,,
5208,290.39923,,
5209,2742.7612,,
5210,1682.1578,,
5211,5497.24,,
5212,318.11465,,
5213,2377.91,,
5214,1701.3848,,
5215,2416.0706,,
5216,1357.8608,,
5217,3341.0432,,
5218,2601.251,,
5219,3235.6575,,
5220,4236.345,,
5221,1318.0056,,
5222,6216.326,,
5223,-6.6227884,,
5224,2383.3687,,
5225,2359.572,,
5226,838.6605,,
5227,1138.2812,,
5228,3380.37,,
5229,600.0409,,
5230,2774.711,,
5231,706.3306,,
5232,2530.6086,,
5233,2700.9333,,
5234,3697.7742,,
5235,1616.235,,
5236,2003.8406,,
5237,1904.954,,
5238,2869.9275,,
5239,1567.3259,,
5240,2147.7068,,
5241,3806.8633,,
5242,2491.3135,,
5243,2224.6226,,
5244,3943.2693,,
5245,2748.2217,,
5246,389.7859,,
5247,267.51346,,
5248,979.2729,,
5249,160.4966,,
5250,3038.9727,,
5251,2631.568,,
5252,5900.0986,,
5253,2557.853,,
5254,4933.4346,,
5255,3254.4822,,
5256,3759.252,,
5257,5614.2437,,
5258,3610.9941,,
5259,1359.2435,,
5260,846.36,,
5261,2936.8347,,
5262,371.01993,,
5263,274.3375,,
5264,869.33154,,
5265,1993.6301,,
5266,3901.7373,,
5267,673.3614,,
5268,1130.7097,,
5269,1238.4203,,
5270,831.9204,,
5271,1242.7975,,
5272,4862.8857,,
5273,6425.745,,
5274,2695.2566,,
5275,867.04047,,
5276,3980.1033,,
5277,216.21388,,
5278,2735.2056,,
5279,1458.2329,,
5280,1673.1249,,
5281,836.12067,,
5282,1840.3414,,
5283,3279.4338,,
5284,1684.135,,
5285,3402.1284,,
5286,3834.6675,,
5287,1296.7654,,
5288,790.9784,,
5289,1349.1566,,
5290,113.423515,,
5291,582.75366,,
5292,3056.1433,,
5293,171.23146,,
5294,4293.881,,
5295,2252.7502,,
5296,3566.5435,,
5297,2307.5789,,
5298,1291.9652,,
5299,1410.7826,,
5300,1136.5199,,
5301,3376.7717,,
5302,3500.9705,,
5303,426.78125,,
5304,325.61688,,
5305,4652.4697,,
5306,3267.2048,,
5307,1572.7748,,
5308,507.50662,,
5309,16.60629,,
5310,3421.3274,,
5311,1580.7828,,
5312,806.71423,,
5313,3665.7202,,
5314,1889.3125,,
5315,5262.455,,
5316,773.15295,,
5317,116.4981,,
5318,2094.2705,,
5319,1838.2596,,
5320,5461.209,,
5321,1558.5983,,
5322,3674.7373,,
5323,1357.8826,,
5324,4100.1978,,
5325,1753.9678,,
5326,2993.4084,,
5327,155.01157,,
5328,6103.26,,
5329,312.0883,,
5330,4098.4795,,
5331,3043.0923,,
5332,2517.019,,
5333,735.53235,,
5334,2595.7283,,
5335,750.45953,,
5336,426.12338,,
5337,1494.3712,,
5338,4697.691,,
5339,2991.6492,,
5340,1931.7318,,
5341,2171.1519,,
5342,3007.0447,,
5343,1748.3031,,
5344,2640.3032,,
5345,2865.7368,,
5346,1788.5837,,
5347,2473.0493,,
5348,5080.626,,
5349,2492.3347,,
5350,478.2709,,
5351,1267.7156,,
5352,2179.8228,,
5353,2353.5183,,
5354,1985.8138,,
5355,5104.886,,
5356,1793.4694,,
5357,266.9484,,
5358,2133.9878,,
5359,2095.6958,,
5360,2623.592,,
5361,2558.9036,,
5362,240.23857,,
5363,1294.2208,,
5364,3489.6978,,
5365,1578.9706,,
5366,1765.5728,,
5367,1982.0311,,
5368,1931.8718,,
5369,1982.9022,,
5370,111.47905,,
5371,3353.3508,,
5372,459.1858,,
5373,3778.3396,,
5374,2175.2107,,
5375,2018.7787,,
5376,930.493,,
5377,559.11835,,
5378,1147.0505,,
5379,6415.1274,,
5380,2008.4811,,
5381,6381.4634,,
5382,3190.1074,,
5383,1222.9065,,
5384,1900.9498,,
5385,2692.264,,
5386,4217.1714,,
5387,3084.378,,
5388,188.48564,,
5389,4708.0903,,
5390,2890.9578,,
5391,1418.114,,
5392,330.01755,,
5393,2147.0088,,
5394,2901.6045,,
5395,5009.507,,
5396,1370.4072,,
5397,2524.9456,,
5398,438.12268,,
5399,1591.3121,,
5400,3027.6829,,
5401,2874.5042,,
5402,1241.484,,
5403,1616.1853,,
5404,1081.9663,,
5405,2688.3914,,
5406,3324.1123,,
5407,3366.4224,,
5408,1955.468,,
5409,1929.114,,
5410,4805.894,,
5411,3013.5898,,
5412,3025.836,,
5413,231.36685,,
5414,2305.7427,,
5415,1573.6354,,
5416,641.922,,
5417,2943.95,,
5418,4815.123,,
5419,1095.8164,,
5420,2375.957,,
5421,2064.6387,,
5422,1526.0417,,
5423,171.08261,,
5424,1979.0306,,
5425,3181.26,,
5426,4230.0947,,
5427,238.11711,,
5428,3287.4246,,
5429,1450.603,,
5430,2462.7893,,
5431,7652.174,,
5432,1920.1239,,
5433,4252.257,,
5434,1280.104,,
5435,217.9829,,
5436,3020.9243,,
5437,3428.4011,,
5438,2536.8694,,
5439,1060.0123,,
5440,512.0505,,
5441,3850.6404,,
5442,513.47064,,
5443,2586.256,,
5444,283.20987,,
5445,826.04956,,
5446,1020.8274,,
5447,2987.479,,
5448,3335.1013,,
5449,3294.7878,,
5450,127.93475,,
5451,2572.6812,,
5452,3094.1638,,
5453,2276.1375,,
5454,4554.7993,,
5455,190.76195,,
5456,4386.2153,,
5457,2587.3215,,
5458,263.34393,,
5459,5557.9634,,
5460,2973.9927,,
5461,1812.7906,,
5462,883.417,,
5463,2676.351,,
5464,2528.42,,
5465,237.04529,,
5466,519.7317,,
5467,2485.801,,
5468,3284.6345,,
5469,71.079605,,
5470,3091.811,,
5471,4297.501,,
5472,606.4872,,
5473,1459.5391,,
5474,4227.715,,
5475,228.75517,,
5476,1679.501,,
5477,3669.5508,,
5478,273.76236,,
5479,2657.285,,
5480,1999.0094,,
5481,4107.367,,
5482,429.54907,,
5483,3623.5266,,
5484,877.69855,,
5485,2869.0708,,
5486,3204.627,,
5487,220.68327,,
5488,3088.3606,,
5489,1730.0874,,
5490,270.04065,,
5491,3966.6843,,
5492,1461.8673,,
5493,832.0814,,
5494,1581.8999,,
5495,2265.335,,
5496,4054.0261,,
5497,2014.9159,,
5498,3139.554,,
5499,1132.5874,,
5500,4033.7861,,
5501,1875.9702,,
5502,2098.2986,,
5503,1192.7235,,
5504,2865.3528,,
5505,2661.2004,,
5506,5390.789,,
5507,3243.4238,,
5508,1445.5288,,
5509,3055.7637,,
5510,1777.4165,,
5511,1968.4619,,
5512,2787.115,,
5513,2321.221,,
5514,54.134537,,
5515,3481.8042,,
5516,1522.064,,
5517,2850.6987,,
5518,608.6035,,
5519,4579.591,,
5520,1856.5569,,
5521,1080.281,,
5522,759.1687,,
5523,5923.2495,,
5524,716.5124,,
5525,1177.472,,
5526,2927.3108,,
5527,2173.05,,
5528,3014.4495,,
5529,1207.798,,
5530,2526.3271,,
5531,2324.6018,,
5532,2803.8389,,
5533,4100.6,,
5534,2659.0083,,
5535,1827.9512,,
5536,1667.9819,,
5537,2954.6135,,
5538,1620.4482,,
5539,1079.0298,,
5540,711.9483,,
5541,3962.9,,
5542,3215.3057,,
5543,2727.9163,,
5544,2492.2292,,
5545,584.4527,,
5546,402.25342,,
5547,1512.1339,,
5548,3044.1252,,
5549,1295.6423,,
5550,2491.6309,,
5551,364.2681,,
5552,1356.7941,,
5553,2452.1174,,
5554,2958.5823,,
5555,849.461,,
5556,930.8084,,
5557,763.6344,,
5558,1816.2672,,
5559,2647.616,,
5560,807.59064,,
5561,2284.4219,,
5562,1905.8801,,
5563,5198.461,,
5564,1812.4182,,
5565,2303.0432,,
5566,3214.6277,,
5567,3345.8413,,
5568,1433.3452,,
5569,1425.7439,,
5570,1651.2722,,
5571,1354.7732,,
5572,-62.345726,,
5573,2280.6587,,
5574,3470.906,,
5575,729.70245,,
5576,2820.2095,,
5577,2444.0144,,
5578,569.2979,,
5579,1695.7623,,
5580,476.38495,,
5581,2478.917,,
5582,2112.8394,,
5583,440.16934,,
5584,583.2371,,
5585,1433.5814,,
5586,3373.8755,,
5587,914.94617,,
5588,4034.14,,
5589,1575.4056,,
5590,3486.1338,,
5591,2832.8108,,
5592,2295.8367,,
5593,3188.638,,
5594,2854.3481,,
5595,5161.3003,,
5596,677.1451,,
5597,2065.9553,,
5598,2480.7048,,
5599,941.31995,,
5600,335.8948,,
5601,3378.9238,,
5602,2653.1648,,
5603,3127.5771,,
5604,2796.773,,
5605,2706.4736,,
5606,2361.2947,,
5607,2504.2627,,
5608,3891.1777,,
5609,6928.7515,,
5610,3741.1233,,
5611,2877.9287,,
5612,228.55411,,
5613,4201.788,,
5614,2731.3755,,
5615,9511.613,,
5616,2488.9604,,
5617,1376.4237,,
5618,987.4132,,
5619,2397.0044,,
5620,4917.7437,,
5621,1432.7352,,
5622,2785.029,,
5623,3713.449,,
5624,2891.6086,,
5625,3153.3857,,
5626,3500.336,,
5627,5432.427,,
5628,2210.051,,
5629,1146.2552,,
5630,3096.2798,,
5631,2243.3154,,
5632,2370.735,,
5633,2680.232,,
5634,3097.6804,,
5635,3135.0369,,
5636,1698.9281,,
5637,2849.2668,,
5638,1716.0001,,
5639,2280.8062,,
5640,1667.4867,,
5641,773.28217,,
5642,2261.3958,,
5643,-161.26576,,
5644,3015.9204,,
5645,796.0554,,
5646,3142.8262,,
5647,536.41296,,
5648,4846.7793,,
5649,1129.4827,,
5650,672.4711,,
5651,3183.7986,,
5652,1833.4038,,
5653,1470.2476,,
5654,2471.543,,
5655,4149.5273,,
5656,6090.277,,
5657,5495.525,,
5658,2482.6558,,
5659,4639.111,,
5660,2509.8213,,
5661,4929.41,,
5662,3268.5122,,
5663,875.6914,,
5664,2663.3516,,
5665,1254.048,,
5666,3273.5479,,
5667,1271.4047,,
5668,383.30154,,
5669,5092.9727,,
5670,4393.3555,,
5671,1036.6233,,
5672,5794.5044,,
5673,1781.0494,,
5674,657.83057,,
5675,1039.4183,,
5676,2237.5413,,
5677,2786.1306,,
5678,1745.8146,,
5679,4822.765,,
5680,1347.4056,,
